Timestamp,Topic_ID,Topic_Name,Priority,Rate_Hz,Msg_Size,Live_Mbps,Admission_Status,Lossless_Verification
2026-08-03 18:09:56,1,/topic_01,P1,0.0,0 B,40.0,ALLOWED,FULL DATA 100%
2026-08-03 18:09:56,2,/topic_02,P1,0.0,0 B,60.0,ALLOWED,FULL DATA 100%
2026-08-03 18:09:56,3,/topic_03,P1,0.0,0 B,20.0,ALLOWED,FULL DATA 100%
2026-08-03 18:09:56,4,/topic_04,P1,0.0,0 B,80.0,ALLOWED,FULL DATA 100%
2026-08-03 18:09:56,5,/topic_05,P2,0.0,0 B,30.0,ALLOWED,FULL DATA 100%
2026-08-03 18:09:56,6,/topic_06,P2,0.0,0 B,70.0,ALLOWED,FULL DATA 100%
2026-08-03 18:09:56,7,/topic_07,P2,0.0,0 B,10.0,ALLOWED,FULL DATA 100%
2026-08-03 18:09:56,11,/topic_11,P2,0.0,0 B,10.0,ALLOWED,FULL DATA 100%
2026-08-03 18:09:56,9,/topic_09,P3,0.0,0 B,50.0,ALLOWED,FULL DATA 100%
2026-08-03 18:09:56,10,/topic_10,P3,0.0,0 B,50.0,ALLOWED,FULL DATA 100%
2026-08-03 18:09:56,12,/topic_12,P3,0.0,0 B,20.0,ALLOWED,FULL DATA 100%
2026-08-03 18:09:56,8,/topic_08,P4,0.0,0 B,90.0,BLOCKED,SHEDDED
2026-08-03 18:09:56,13,/topic_13,P4,0.0,0 B,30.0,ALLOWED,FULL DATA 100%
2026-08-03 18:09:56,14,/topic_14,P4,0.0,0 B,40.0,ALLOWED,FULL DATA 100%
2026-08-03 18:09:56,15,/topic_15,P4,0.0,0 B,50.0,ALLOWED,FULL DATA 100%
2026-08-03 18:09:56,16,/topic_16,P4,0.0,0 B,60.0,BLOCKED,SHEDDED
2026-08-03 18:09:56,17,/topic_17,P5,0.0,0 B,70.0,BLOCKED,SHEDDED
2026-08-03 18:09:56,18,/topic_18,P5,0.0,0 B,80.0,BLOCKED,SHEDDED
2026-08-03 18:09:56,19,/topic_19,P5,0.0,0 B,90.0,BLOCKED,SHEDDED
2026-08-03 18:09:56,20,/topic_20,P5,0.0,0 B,50.0,BLOCKED,SHEDDED
2026-08-03 18:09:57,1,/topic_01,P1,25.0,195.4 KB,40.0,ALLOWED,FULL DATA 100%
2026-08-03 18:09:57,2,/topic_02,P1,25.0,293.0 KB,60.0,ALLOWED,FULL DATA 100%
2026-08-03 18:09:57,3,/topic_03,P1,25.0,97.7 KB,20.0,ALLOWED,FULL DATA 100%
2026-08-03 18:09:57,4,/topic_04,P1,25.0,390.7 KB,80.0,ALLOWED,FULL DATA 100%
2026-08-03 18:09:57,5,/topic_05,P2,25.0,146.5 KB,30.0,ALLOWED,FULL DATA 100%
2026-08-03 18:09:57,6,/topic_06,P2,25.0,341.8 KB,70.0,ALLOWED,FULL DATA 100%
2026-08-03 18:09:57,7,/topic_07,P2,25.0,48.9 KB,10.0,ALLOWED,FULL DATA 100%
2026-08-03 18:09:57,11,/topic_11,P2,25.0,48.9 KB,10.0,ALLOWED,FULL DATA 100%
2026-08-03 18:09:57,9,/topic_09,P3,25.0,244.2 KB,50.0,ALLOWED,FULL DATA 100%
2026-08-03 18:09:57,10,/topic_10,P3,25.0,244.2 KB,50.0,ALLOWED,FULL DATA 100%
2026-08-03 18:09:57,12,/topic_12,P3,25.0,97.7 KB,20.0,ALLOWED,FULL DATA 100%
2026-08-03 18:09:57,8,/topic_08,P4,25.0,439.5 KB,90.0,BLOCKED,SHEDDED
2026-08-03 18:09:57,13,/topic_13,P4,25.0,146.5 KB,30.0,ALLOWED,FULL DATA 100%
2026-08-03 18:09:57,14,/topic_14,P4,25.0,195.4 KB,40.0,ALLOWED,FULL DATA 100%
2026-08-03 18:09:57,15,/topic_15,P4,25.0,244.2 KB,50.0,ALLOWED,FULL DATA 100%
2026-08-03 18:09:57,16,/topic_16,P4,25.0,293.0 KB,60.0,BLOCKED,SHEDDED
2026-08-03 18:09:57,17,/topic_17,P5,25.0,341.8 KB,70.0,BLOCKED,SHEDDED
2026-08-03 18:09:57,18,/topic_18,P5,25.0,390.7 KB,80.0,BLOCKED,SHEDDED
2026-08-03 18:09:57,19,/topic_19,P5,25.0,439.5 KB,90.0,BLOCKED,SHEDDED
2026-08-03 18:09:57,20,/topic_20,P5,25.0,244.2 KB,50.0,BLOCKED,SHEDDED
2026-08-03 18:09:58,1,/topic_01,P1,25.0,195.4 KB,40.0,ALLOWED,FULL DATA 100%
2026-08-03 18:09:58,2,/topic_02,P1,25.0,293.0 KB,60.0,ALLOWED,FULL DATA 100%
2026-08-03 18:09:58,3,/topic_03,P1,25.0,97.7 KB,20.0,ALLOWED,FULL DATA 100%
2026-08-03 18:09:58,4,/topic_04,P1,25.0,390.7 KB,80.0,ALLOWED,FULL DATA 100%
2026-08-03 18:09:58,5,/topic_05,P2,25.0,146.5 KB,30.0,ALLOWED,FULL DATA 100%
2026-08-03 18:09:58,6,/topic_06,P2,25.0,341.8 KB,70.0,ALLOWED,FULL DATA 100%
2026-08-03 18:09:58,7,/topic_07,P2,25.0,48.9 KB,10.0,ALLOWED,FULL DATA 100%
2026-08-03 18:09:58,11,/topic_11,P2,25.0,48.9 KB,10.0,ALLOWED,FULL DATA 100%
2026-08-03 18:09:58,9,/topic_09,P3,25.0,244.2 KB,50.0,ALLOWED,FULL DATA 100%
2026-08-03 18:09:58,10,/topic_10,P3,25.0,244.2 KB,50.0,ALLOWED,FULL DATA 100%
2026-08-03 18:09:58,12,/topic_12,P3,25.0,97.7 KB,20.0,ALLOWED,FULL DATA 100%
2026-08-03 18:09:58,8,/topic_08,P4,25.0,439.5 KB,90.0,BLOCKED,SHEDDED
2026-08-03 18:09:58,13,/topic_13,P4,25.0,146.5 KB,30.0,ALLOWED,FULL DATA 100%
2026-08-03 18:09:58,14,/topic_14,P4,25.0,195.4 KB,40.0,ALLOWED,FULL DATA 100%
2026-08-03 18:09:58,15,/topic_15,P4,25.0,244.2 KB,50.0,ALLOWED,FULL DATA 100%
2026-08-03 18:09:58,16,/topic_16,P4,25.0,293.0 KB,60.0,BLOCKED,SHEDDED
2026-08-03 18:09:58,17,/topic_17,P5,25.0,341.8 KB,70.0,BLOCKED,SHEDDED
2026-08-03 18:09:58,18,/topic_18,P5,25.0,390.7 KB,80.0,BLOCKED,SHEDDED
2026-08-03 18:09:58,19,/topic_19,P5,25.0,439.5 KB,90.0,BLOCKED,SHEDDED
2026-08-03 18:09:58,20,/topic_20,P5,25.0,244.2 KB,50.0,BLOCKED,SHEDDED
2026-08-03 18:09:59,1,/topic_01,P1,25.0,195.4 KB,40.0,ALLOWED,FULL DATA 100%
2026-08-03 18:09:59,2,/topic_02,P1,25.0,293.0 KB,60.0,ALLOWED,FULL DATA 100%
2026-08-03 18:09:59,3,/topic_03,P1,25.0,97.7 KB,20.0,ALLOWED,FULL DATA 100%
2026-08-03 18:09:59,4,/topic_04,P1,25.0,390.7 KB,80.0,ALLOWED,FULL DATA 100%
2026-08-03 18:09:59,5,/topic_05,P2,25.0,146.5 KB,30.0,ALLOWED,FULL DATA 100%
2026-08-03 18:09:59,6,/topic_06,P2,25.0,341.8 KB,70.0,ALLOWED,FULL DATA 100%
2026-08-03 18:09:59,7,/topic_07,P2,25.0,48.9 KB,10.0,ALLOWED,FULL DATA 100%
2026-08-03 18:09:59,11,/topic_11,P2,25.0,48.9 KB,10.0,ALLOWED,FULL DATA 100%
2026-08-03 18:09:59,9,/topic_09,P3,25.0,244.2 KB,50.0,ALLOWED,FULL DATA 100%
2026-08-03 18:09:59,10,/topic_10,P3,25.0,244.2 KB,50.0,ALLOWED,FULL DATA 100%
2026-08-03 18:09:59,12,/topic_12,P3,25.0,97.7 KB,20.0,ALLOWED,FULL DATA 100%
2026-08-03 18:09:59,8,/topic_08,P4,25.0,439.5 KB,90.0,BLOCKED,SHEDDED
2026-08-03 18:09:59,13,/topic_13,P4,25.0,146.5 KB,30.0,ALLOWED,FULL DATA 100%
2026-08-03 18:09:59,14,/topic_14,P4,25.0,195.4 KB,40.0,ALLOWED,FULL DATA 100%
2026-08-03 18:09:59,15,/topic_15,P4,25.0,244.2 KB,50.0,ALLOWED,FULL DATA 100%
2026-08-03 18:09:59,16,/topic_16,P4,25.0,293.0 KB,60.0,BLOCKED,SHEDDED
2026-08-03 18:09:59,17,/topic_17,P5,25.0,341.8 KB,70.0,BLOCKED,SHEDDED
2026-08-03 18:09:59,18,/topic_18,P5,25.0,390.7 KB,80.0,BLOCKED,SHEDDED
2026-08-03 18:09:59,19,/topic_19,P5,25.0,439.5 KB,90.0,BLOCKED,SHEDDED
2026-08-03 18:09:59,20,/topic_20,P5,25.0,244.2 KB,50.0,BLOCKED,SHEDDED
2026-08-03 18:10:00,1,/topic_01,P1,25.0,195.4 KB,40.0,ALLOWED,FULL DATA 100%
2026-08-03 18:10:00,2,/topic_02,P1,25.0,293.0 KB,60.0,ALLOWED,FULL DATA 100%
2026-08-03 18:10:00,3,/topic_03,P1,25.0,97.7 KB,20.0,ALLOWED,FULL DATA 100%
2026-08-03 18:10:00,4,/topic_04,P1,25.0,390.7 KB,80.0,ALLOWED,FULL DATA 100%
2026-08-03 18:10:00,5,/topic_05,P2,25.0,146.5 KB,30.0,ALLOWED,FULL DATA 100%
2026-08-03 18:10:00,6,/topic_06,P2,25.0,341.8 KB,70.0,ALLOWED,FULL DATA 100%
2026-08-03 18:10:00,7,/topic_07,P2,25.0,48.9 KB,10.0,ALLOWED,FULL DATA 100%
2026-08-03 18:10:00,11,/topic_11,P2,25.0,48.9 KB,10.0,ALLOWED,FULL DATA 100%
2026-08-03 18:10:00,9,/topic_09,P3,25.0,244.2 KB,50.0,ALLOWED,FULL DATA 100%
2026-08-03 18:10:00,10,/topic_10,P3,25.0,244.2 KB,50.0,ALLOWED,FULL DATA 100%
2026-08-03 18:10:00,12,/topic_12,P3,25.0,97.7 KB,20.0,ALLOWED,FULL DATA 100%
2026-08-03 18:10:00,8,/topic_08,P4,25.0,439.5 KB,90.0,BLOCKED,SHEDDED
2026-08-03 18:10:00,13,/topic_13,P4,25.0,146.5 KB,30.0,ALLOWED,FULL DATA 100%
2026-08-03 18:10:00,14,/topic_14,P4,25.0,195.4 KB,40.0,ALLOWED,FULL DATA 100%
2026-08-03 18:10:00,15,/topic_15,P4,25.0,244.2 KB,50.0,ALLOWED,FULL DATA 100%
2026-08-03 18:10:00,16,/topic_16,P4,25.0,293.0 KB,60.0,BLOCKED,SHEDDED
2026-08-03 18:10:00,17,/topic_17,P5,25.0,341.8 KB,70.0,BLOCKED,SHEDDED
2026-08-03 18:10:00,18,/topic_18,P5,25.0,390.7 KB,80.0,BLOCKED,SHEDDED
2026-08-03 18:10:00,19,/topic_19,P5,25.0,439.5 KB,90.0,BLOCKED,SHEDDED
2026-08-03 18:10:00,20,/topic_20,P5,25.0,244.2 KB,50.0,BLOCKED,SHEDDED
2026-08-03 18:10:01,1,/topic_01,P1,25.0,195.4 KB,40.0,ALLOWED,FULL DATA 100%
2026-08-03 18:10:01,2,/topic_02,P1,25.0,293.0 KB,60.0,ALLOWED,FULL DATA 100%
2026-08-03 18:10:01,3,/topic_03,P1,25.0,97.7 KB,20.0,ALLOWED,FULL DATA 100%
2026-08-03 18:10:01,4,/topic_04,P1,25.0,390.7 KB,80.0,ALLOWED,FULL DATA 100%
2026-08-03 18:10:01,5,/topic_05,P2,25.0,146.5 KB,30.0,ALLOWED,FULL DATA 100%
2026-08-03 18:10:01,6,/topic_06,P2,25.0,341.8 KB,70.0,ALLOWED,FULL DATA 100%
2026-08-03 18:10:01,7,/topic_07,P2,25.0,48.9 KB,10.0,ALLOWED,FULL DATA 100%
2026-08-03 18:10:01,11,/topic_11,P2,25.0,48.9 KB,10.0,ALLOWED,FULL DATA 100%
2026-08-03 18:10:01,9,/topic_09,P3,25.0,244.2 KB,50.0,ALLOWED,FULL DATA 100%
2026-08-03 18:10:01,10,/topic_10,P3,25.0,244.2 KB,50.0,ALLOWED,FULL DATA 100%
2026-08-03 18:10:01,12,/topic_12,P3,25.0,97.7 KB,20.0,ALLOWED,FULL DATA 100%
2026-08-03 18:10:01,8,/topic_08,P4,25.0,439.5 KB,90.0,BLOCKED,SHEDDED
2026-08-03 18:10:01,13,/topic_13,P4,25.0,146.5 KB,30.0,ALLOWED,FULL DATA 100%
2026-08-03 18:10:01,14,/topic_14,P4,25.0,195.4 KB,40.0,ALLOWED,FULL DATA 100%
2026-08-03 18:10:01,15,/topic_15,P4,25.0,244.2 KB,50.0,ALLOWED,FULL DATA 100%
2026-08-03 18:10:01,16,/topic_16,P4,25.0,293.0 KB,60.0,BLOCKED,SHEDDED
2026-08-03 18:10:01,17,/topic_17,P5,25.0,341.8 KB,70.0,BLOCKED,SHEDDED
2026-08-03 18:10:01,18,/topic_18,P5,25.0,390.7 KB,80.0,BLOCKED,SHEDDED
2026-08-03 18:10:01,19,/topic_19,P5,25.0,439.5 KB,90.0,BLOCKED,SHEDDED
2026-08-03 18:10:01,20,/topic_20,P5,25.0,244.2 KB,50.0,BLOCKED,SHEDDED
2026-08-03 18:10:02,1,/topic_01,P1,25.0,195.4 KB,40.0,ALLOWED,FULL DATA 100%
2026-08-03 18:10:02,2,/topic_02,P1,25.0,293.0 KB,60.0,ALLOWED,FULL DATA 100%
2026-08-03 18:10:02,3,/topic_03,P1,25.0,97.7 KB,20.0,ALLOWED,FULL DATA 100%
2026-08-03 18:10:02,4,/topic_04,P1,25.0,390.7 KB,80.0,ALLOWED,FULL DATA 100%
2026-08-03 18:10:02,5,/topic_05,P2,25.0,146.5 KB,30.0,ALLOWED,FULL DATA 100%
2026-08-03 18:10:02,6,/topic_06,P2,25.0,341.8 KB,70.0,ALLOWED,FULL DATA 100%
2026-08-03 18:10:02,7,/topic_07,P2,25.0,48.9 KB,10.0,ALLOWED,FULL DATA 100%
2026-08-03 18:10:02,11,/topic_11,P2,25.0,48.9 KB,10.0,ALLOWED,FULL DATA 100%
2026-08-03 18:10:02,9,/topic_09,P3,25.0,244.2 KB,50.0,ALLOWED,FULL DATA 100%
2026-08-03 18:10:02,10,/topic_10,P3,25.0,244.2 KB,50.0,ALLOWED,FULL DATA 100%
2026-08-03 18:10:02,12,/topic_12,P3,25.0,97.7 KB,20.0,ALLOWED,FULL DATA 100%
2026-08-03 18:10:02,8,/topic_08,P4,25.0,439.5 KB,90.0,BLOCKED,SHEDDED
2026-08-03 18:10:02,13,/topic_13,P4,25.0,146.5 KB,30.0,ALLOWED,FULL DATA 100%
2026-08-03 18:10:02,14,/topic_14,P4,25.0,195.4 KB,40.0,ALLOWED,FULL DATA 100%
2026-08-03 18:10:02,15,/topic_15,P4,25.0,244.2 KB,50.0,ALLOWED,FULL DATA 100%
2026-08-03 18:10:02,16,/topic_16,P4,25.0,293.0 KB,60.0,BLOCKED,SHEDDED
2026-08-03 18:10:02,17,/topic_17,P5,25.0,341.8 KB,70.0,BLOCKED,SHEDDED
2026-08-03 18:10:02,18,/topic_18,P5,25.0,390.7 KB,80.0,BLOCKED,SHEDDED
2026-08-03 18:10:02,19,/topic_19,P5,25.0,439.5 KB,90.0,BLOCKED,SHEDDED
2026-08-03 18:10:02,20,/topic_20,P5,25.0,244.2 KB,50.0,BLOCKED,SHEDDED
2026-08-03 18:10:03,1,/topic_01,P1,25.0,195.4 KB,40.0,ALLOWED,FULL DATA 100%
2026-08-03 18:10:03,2,/topic_02,P1,25.0,293.0 KB,60.0,ALLOWED,FULL DATA 100%
2026-08-03 18:10:03,3,/topic_03,P1,25.0,97.7 KB,20.0,ALLOWED,FULL DATA 100%
2026-08-03 18:10:03,4,/topic_04,P1,25.0,390.7 KB,80.0,ALLOWED,FULL DATA 100%
2026-08-03 18:10:03,5,/topic_05,P2,25.0,146.5 KB,30.0,ALLOWED,FULL DATA 100%
2026-08-03 18:10:03,6,/topic_06,P2,25.0,341.8 KB,70.0,ALLOWED,FULL DATA 100%
2026-08-03 18:10:03,7,/topic_07,P2,25.0,48.9 KB,10.0,ALLOWED,FULL DATA 100%
2026-08-03 18:10:03,11,/topic_11,P2,25.0,48.9 KB,10.0,ALLOWED,FULL DATA 100%
2026-08-03 18:10:03,9,/topic_09,P3,25.0,244.2 KB,50.0,ALLOWED,FULL DATA 100%
2026-08-03 18:10:03,10,/topic_10,P3,25.0,244.2 KB,50.0,ALLOWED,FULL DATA 100%
2026-08-03 18:10:03,12,/topic_12,P3,25.0,97.7 KB,20.0,ALLOWED,FULL DATA 100%
2026-08-03 18:10:03,8,/topic_08,P4,25.0,439.5 KB,90.0,BLOCKED,SHEDDED
2026-08-03 18:10:03,13,/topic_13,P4,25.0,146.5 KB,30.0,ALLOWED,FULL DATA 100%
2026-08-03 18:10:03,14,/topic_14,P4,25.0,195.4 KB,40.0,ALLOWED,FULL DATA 100%
2026-08-03 18:10:03,15,/topic_15,P4,25.0,244.2 KB,50.0,ALLOWED,FULL DATA 100%
2026-08-03 18:10:03,16,/topic_16,P4,25.0,293.0 KB,60.0,BLOCKED,SHEDDED
2026-08-03 18:10:03,17,/topic_17,P5,25.0,341.8 KB,70.0,BLOCKED,SHEDDED
2026-08-03 18:10:03,18,/topic_18,P5,25.0,390.7 KB,80.0,BLOCKED,SHEDDED
2026-08-03 18:10:03,19,/topic_19,P5,25.0,439.5 KB,90.0,BLOCKED,SHEDDED
2026-08-03 18:10:03,20,/topic_20,P5,25.0,244.2 KB,50.0,BLOCKED,SHEDDED
2026-08-03 18:10:04,1,/topic_01,P1,25.0,195.4 KB,40.0,ALLOWED,FULL DATA 100%
2026-08-03 18:10:04,2,/topic_02,P1,25.0,293.0 KB,60.0,ALLOWED,FULL DATA 100%
2026-08-03 18:10:04,3,/topic_03,P1,25.0,97.7 KB,20.0,ALLOWED,FULL DATA 100%
2026-08-03 18:10:04,4,/topic_04,P1,25.0,390.7 KB,80.0,ALLOWED,FULL DATA 100%
2026-08-03 18:10:04,5,/topic_05,P2,25.0,146.5 KB,30.0,ALLOWED,FULL DATA 100%
2026-08-03 18:10:04,6,/topic_06,P2,25.0,341.8 KB,70.0,ALLOWED,FULL DATA 100%
2026-08-03 18:10:04,7,/topic_07,P2,25.0,48.9 KB,10.0,ALLOWED,FULL DATA 100%
2026-08-03 18:10:04,11,/topic_11,P2,25.0,48.9 KB,10.0,ALLOWED,FULL DATA 100%
2026-08-03 18:10:04,9,/topic_09,P3,25.0,244.2 KB,50.0,ALLOWED,FULL DATA 100%
2026-08-03 18:10:04,10,/topic_10,P3,25.0,244.2 KB,50.0,ALLOWED,FULL DATA 100%
2026-08-03 18:10:04,12,/topic_12,P3,25.0,97.7 KB,20.0,ALLOWED,FULL DATA 100%
2026-08-03 18:10:04,8,/topic_08,P4,25.0,439.5 KB,90.0,BLOCKED,SHEDDED
2026-08-03 18:10:04,13,/topic_13,P4,25.0,146.5 KB,30.0,ALLOWED,FULL DATA 100%
2026-08-03 18:10:04,14,/topic_14,P4,25.0,195.4 KB,40.0,ALLOWED,FULL DATA 100%
2026-08-03 18:10:04,15,/topic_15,P4,25.0,244.2 KB,50.0,ALLOWED,FULL DATA 100%
2026-08-03 18:10:04,16,/topic_16,P4,25.0,293.0 KB,60.0,BLOCKED,SHEDDED
2026-08-03 18:10:04,17,/topic_17,P5,25.0,341.8 KB,70.0,BLOCKED,SHEDDED
2026-08-03 18:10:04,18,/topic_18,P5,25.0,390.7 KB,80.0,BLOCKED,SHEDDED
2026-08-03 18:10:04,19,/topic_19,P5,25.0,439.5 KB,90.0,BLOCKED,SHEDDED
2026-08-03 18:10:04,20,/topic_20,P5,25.0,244.2 KB,50.0,BLOCKED,SHEDDED
2026-08-03 18:10:05,1,/topic_01,P1,25.0,195.4 KB,40.0,ALLOWED,FULL DATA 100%
2026-08-03 18:10:05,2,/topic_02,P1,25.0,293.0 KB,60.0,ALLOWED,FULL DATA 100%
2026-08-03 18:10:05,3,/topic_03,P1,25.0,97.7 KB,20.0,ALLOWED,FULL DATA 100%
2026-08-03 18:10:05,4,/topic_04,P1,25.0,390.7 KB,80.0,ALLOWED,FULL DATA 100%
2026-08-03 18:10:05,5,/topic_05,P2,25.0,146.5 KB,30.0,ALLOWED,FULL DATA 100%
2026-08-03 18:10:05,6,/topic_06,P2,25.0,341.8 KB,70.0,ALLOWED,FULL DATA 100%
2026-08-03 18:10:05,7,/topic_07,P2,25.0,48.9 KB,10.0,ALLOWED,FULL DATA 100%
2026-08-03 18:10:05,11,/topic_11,P2,25.0,48.9 KB,10.0,ALLOWED,FULL DATA 100%
2026-08-03 18:10:05,9,/topic_09,P3,25.0,244.2 KB,50.0,ALLOWED,FULL DATA 100%
2026-08-03 18:10:05,10,/topic_10,P3,25.0,244.2 KB,50.0,ALLOWED,FULL DATA 100%
2026-08-03 18:10:05,12,/topic_12,P3,25.0,97.7 KB,20.0,ALLOWED,FULL DATA 100%
2026-08-03 18:10:05,8,/topic_08,P4,25.0,439.5 KB,90.0,BLOCKED,SHEDDED
2026-08-03 18:10:05,13,/topic_13,P4,25.0,146.5 KB,30.0,ALLOWED,FULL DATA 100%
2026-08-03 18:10:05,14,/topic_14,P4,25.0,195.4 KB,40.0,ALLOWED,FULL DATA 100%
2026-08-03 18:10:05,15,/topic_15,P4,25.0,244.2 KB,50.0,ALLOWED,FULL DATA 100%
2026-08-03 18:10:05,16,/topic_16,P4,25.0,293.0 KB,60.0,BLOCKED,SHEDDED
2026-08-03 18:10:05,17,/topic_17,P5,25.0,341.8 KB,70.0,BLOCKED,SHEDDED
2026-08-03 18:10:05,18,/topic_18,P5,25.0,390.7 KB,80.0,BLOCKED,SHEDDED
2026-08-03 18:10:05,19,/topic_19,P5,25.0,439.5 KB,90.0,BLOCKED,SHEDDED
2026-08-03 18:10:05,20,/topic_20,P5,25.0,244.2 KB,50.0,BLOCKED,SHEDDED
2026-08-03 18:10:06,1,/topic_01,P1,25.0,195.4 KB,40.0,ALLOWED,FULL DATA 100%
2026-08-03 18:10:06,2,/topic_02,P1,25.0,293.0 KB,60.0,ALLOWED,FULL DATA 100%
2026-08-03 18:10:06,3,/topic_03,P1,25.0,97.7 KB,20.0,ALLOWED,FULL DATA 100%
2026-08-03 18:10:06,4,/topic_04,P1,25.0,390.7 KB,80.0,ALLOWED,FULL DATA 100%
2026-08-03 18:10:06,5,/topic_05,P2,25.0,146.5 KB,30.0,ALLOWED,FULL DATA 100%
2026-08-03 18:10:06,6,/topic_06,P2,25.0,341.8 KB,70.0,ALLOWED,FULL DATA 100%
2026-08-03 18:10:06,7,/topic_07,P2,25.0,48.9 KB,10.0,ALLOWED,FULL DATA 100%
2026-08-03 18:10:06,11,/topic_11,P2,25.0,48.9 KB,10.0,ALLOWED,FULL DATA 100%
2026-08-03 18:10:06,9,/topic_09,P3,25.0,244.2 KB,50.0,ALLOWED,FULL DATA 100%
2026-08-03 18:10:06,10,/topic_10,P3,25.0,244.2 KB,50.0,ALLOWED,FULL DATA 100%
2026-08-03 18:10:06,12,/topic_12,P3,25.0,97.7 KB,20.0,ALLOWED,FULL DATA 100%
2026-08-03 18:10:06,8,/topic_08,P4,25.0,439.5 KB,90.0,BLOCKED,SHEDDED
2026-08-03 18:10:06,13,/topic_13,P4,25.0,146.5 KB,30.0,ALLOWED,FULL DATA 100%
2026-08-03 18:10:06,14,/topic_14,P4,25.0,195.4 KB,40.0,ALLOWED,FULL DATA 100%
2026-08-03 18:10:06,15,/topic_15,P4,25.0,244.2 KB,50.0,ALLOWED,FULL DATA 100%
2026-08-03 18:10:06,16,/topic_16,P4,25.0,293.0 KB,60.0,BLOCKED,SHEDDED
2026-08-03 18:10:06,17,/topic_17,P5,25.0,341.8 KB,70.0,BLOCKED,SHEDDED
2026-08-03 18:10:06,18,/topic_18,P5,25.0,390.7 KB,80.0,BLOCKED,SHEDDED
2026-08-03 18:10:06,19,/topic_19,P5,25.0,439.5 KB,90.0,BLOCKED,SHEDDED
2026-08-03 18:10:06,20,/topic_20,P5,25.0,244.2 KB,50.0,BLOCKED,SHEDDED
2026-08-03 18:10:07,1,/topic_01,P1,25.0,195.4 KB,40.0,ALLOWED,FULL DATA 100%
2026-08-03 18:10:07,2,/topic_02,P1,25.0,293.0 KB,60.0,ALLOWED,FULL DATA 100%
2026-08-03 18:10:07,3,/topic_03,P1,25.0,97.7 KB,20.0,ALLOWED,FULL DATA 100%
2026-08-03 18:10:07,4,/topic_04,P1,25.0,390.7 KB,80.0,ALLOWED,FULL DATA 100%
2026-08-03 18:10:07,5,/topic_05,P2,25.0,146.5 KB,30.0,ALLOWED,FULL DATA 100%
2026-08-03 18:10:07,6,/topic_06,P2,25.0,341.8 KB,70.0,ALLOWED,FULL DATA 100%
2026-08-03 18:10:07,7,/topic_07,P2,25.0,48.9 KB,10.0,ALLOWED,FULL DATA 100%
2026-08-03 18:10:07,11,/topic_11,P2,25.0,48.9 KB,10.0,ALLOWED,FULL DATA 100%
2026-08-03 18:10:07,9,/topic_09,P3,25.0,244.2 KB,50.0,ALLOWED,FULL DATA 100%
2026-08-03 18:10:07,10,/topic_10,P3,25.0,244.2 KB,50.0,ALLOWED,FULL DATA 100%
2026-08-03 18:10:07,12,/topic_12,P3,25.0,97.7 KB,20.0,ALLOWED,FULL DATA 100%
2026-08-03 18:10:07,8,/topic_08,P4,25.0,439.5 KB,90.0,BLOCKED,SHEDDED
2026-08-03 18:10:07,13,/topic_13,P4,25.0,146.5 KB,30.0,ALLOWED,FULL DATA 100%
2026-08-03 18:10:07,14,/topic_14,P4,25.0,195.4 KB,40.0,ALLOWED,FULL DATA 100%
2026-08-03 18:10:07,15,/topic_15,P4,25.0,244.2 KB,50.0,ALLOWED,FULL DATA 100%
2026-08-03 18:10:07,16,/topic_16,P4,25.0,293.0 KB,60.0,BLOCKED,SHEDDED
2026-08-03 18:10:07,17,/topic_17,P5,25.0,341.8 KB,70.0,BLOCKED,SHEDDED
2026-08-03 18:10:07,18,/topic_18,P5,25.0,390.7 KB,80.0,BLOCKED,SHEDDED
2026-08-03 18:10:07,19,/topic_19,P5,25.0,439.5 KB,90.0,BLOCKED,SHEDDED
2026-08-03 18:10:07,20,/topic_20,P5,25.0,244.2 KB,50.0,BLOCKED,SHEDDED
2026-08-03 18:10:08,1,/topic_01,P1,25.0,195.4 KB,40.0,ALLOWED,FULL DATA 100%
2026-08-03 18:10:08,2,/topic_02,P1,25.0,293.0 KB,60.0,ALLOWED,FULL DATA 100%
2026-08-03 18:10:08,3,/topic_03,P1,25.0,97.7 KB,20.0,ALLOWED,FULL DATA 100%
2026-08-03 18:10:08,4,/topic_04,P1,25.0,390.7 KB,80.0,ALLOWED,FULL DATA 100%
2026-08-03 18:10:08,5,/topic_05,P2,25.0,146.5 KB,30.0,ALLOWED,FULL DATA 100%
2026-08-03 18:10:08,6,/topic_06,P2,25.0,341.8 KB,70.0,ALLOWED,FULL DATA 100%
2026-08-03 18:10:08,7,/topic_07,P2,25.0,48.9 KB,10.0,ALLOWED,FULL DATA 100%
2026-08-03 18:10:08,11,/topic_11,P2,25.0,48.9 KB,10.0,ALLOWED,FULL DATA 100%
2026-08-03 18:10:08,9,/topic_09,P3,25.0,244.2 KB,50.0,ALLOWED,FULL DATA 100%
2026-08-03 18:10:08,10,/topic_10,P3,25.0,244.2 KB,50.0,ALLOWED,FULL DATA 100%
2026-08-03 18:10:08,12,/topic_12,P3,25.0,97.7 KB,20.0,ALLOWED,FULL DATA 100%
2026-08-03 18:10:08,8,/topic_08,P4,25.0,439.5 KB,90.0,BLOCKED,SHEDDED
2026-08-03 18:10:08,13,/topic_13,P4,25.0,146.5 KB,30.0,ALLOWED,FULL DATA 100%
2026-08-03 18:10:08,14,/topic_14,P4,25.0,195.4 KB,40.0,ALLOWED,FULL DATA 100%
2026-08-03 18:10:08,15,/topic_15,P4,25.0,244.2 KB,50.0,ALLOWED,FULL DATA 100%
2026-08-03 18:10:08,16,/topic_16,P4,25.0,293.0 KB,60.0,BLOCKED,SHEDDED
2026-08-03 18:10:08,17,/topic_17,P5,25.0,341.8 KB,70.0,BLOCKED,SHEDDED
2026-08-03 18:10:08,18,/topic_18,P5,25.0,390.7 KB,80.0,BLOCKED,SHEDDED
2026-08-03 18:10:08,19,/topic_19,P5,25.0,439.5 KB,90.0,BLOCKED,SHEDDED
2026-08-03 18:10:08,20,/topic_20,P5,25.0,244.2 KB,50.0,BLOCKED,SHEDDED
2026-08-03 18:10:09,1,/topic_01,P1,25.0,195.4 KB,40.0,ALLOWED,FULL DATA 100%
2026-08-03 18:10:09,2,/topic_02,P1,25.0,293.0 KB,60.0,ALLOWED,FULL DATA 100%
2026-08-03 18:10:09,3,/topic_03,P1,25.0,97.7 KB,20.0,ALLOWED,FULL DATA 100%
2026-08-03 18:10:09,4,/topic_04,P1,25.0,390.7 KB,80.0,ALLOWED,FULL DATA 100%
2026-08-03 18:10:09,5,/topic_05,P2,25.0,146.5 KB,30.0,ALLOWED,FULL DATA 100%
2026-08-03 18:10:09,6,/topic_06,P2,25.0,341.8 KB,70.0,ALLOWED,FULL DATA 100%
2026-08-03 18:10:09,7,/topic_07,P2,25.0,48.9 KB,10.0,ALLOWED,FULL DATA 100%
2026-08-03 18:10:09,11,/topic_11,P2,25.0,48.9 KB,10.0,ALLOWED,FULL DATA 100%
2026-08-03 18:10:09,9,/topic_09,P3,25.0,244.2 KB,50.0,ALLOWED,FULL DATA 100%
2026-08-03 18:10:09,10,/topic_10,P3,25.0,244.2 KB,50.0,ALLOWED,FULL DATA 100%
2026-08-03 18:10:09,12,/topic_12,P3,25.0,97.7 KB,20.0,ALLOWED,FULL DATA 100%
2026-08-03 18:10:09,8,/topic_08,P4,25.0,439.5 KB,90.0,BLOCKED,SHEDDED
2026-08-03 18:10:09,13,/topic_13,P4,25.0,146.5 KB,30.0,ALLOWED,FULL DATA 100%
2026-08-03 18:10:09,14,/topic_14,P4,25.0,195.4 KB,40.0,ALLOWED,FULL DATA 100%
2026-08-03 18:10:09,15,/topic_15,P4,25.0,244.2 KB,50.0,ALLOWED,FULL DATA 100%
2026-08-03 18:10:09,16,/topic_16,P4,25.0,293.0 KB,60.0,BLOCKED,SHEDDED
2026-08-03 18:10:09,17,/topic_17,P5,25.0,341.8 KB,70.0,BLOCKED,SHEDDED
2026-08-03 18:10:09,18,/topic_18,P5,25.0,390.7 KB,80.0,BLOCKED,SHEDDED
2026-08-03 18:10:09,19,/topic_19,P5,25.0,439.5 KB,90.0,BLOCKED,SHEDDED
2026-08-03 18:10:09,20,/topic_20,P5,25.0,244.2 KB,50.0,BLOCKED,SHEDDED
2026-08-03 18:10:10,1,/topic_01,P1,25.0,195.4 KB,40.0,ALLOWED,FULL DATA 100%
2026-08-03 18:10:10,2,/topic_02,P1,25.0,293.0 KB,60.0,ALLOWED,FULL DATA 100%
2026-08-03 18:10:10,3,/topic_03,P1,25.0,97.7 KB,20.0,ALLOWED,FULL DATA 100%
2026-08-03 18:10:10,4,/topic_04,P1,25.0,390.7 KB,80.0,ALLOWED,FULL DATA 100%
2026-08-03 18:10:10,5,/topic_05,P2,25.0,146.5 KB,30.0,ALLOWED,FULL DATA 100%
2026-08-03 18:10:10,6,/topic_06,P2,25.0,341.8 KB,70.0,ALLOWED,FULL DATA 100%
2026-08-03 18:10:10,7,/topic_07,P2,25.0,48.9 KB,10.0,ALLOWED,FULL DATA 100%
2026-08-03 18:10:10,11,/topic_11,P2,25.0,48.9 KB,10.0,ALLOWED,FULL DATA 100%
2026-08-03 18:10:10,9,/topic_09,P3,25.0,244.2 KB,50.0,ALLOWED,FULL DATA 100%
2026-08-03 18:10:10,10,/topic_10,P3,25.0,244.2 KB,50.0,ALLOWED,FULL DATA 100%
2026-08-03 18:10:10,12,/topic_12,P3,25.0,97.7 KB,20.0,ALLOWED,FULL DATA 100%
2026-08-03 18:10:10,8,/topic_08,P4,25.0,439.5 KB,90.0,BLOCKED,SHEDDED
2026-08-03 18:10:10,13,/topic_13,P4,25.0,146.5 KB,30.0,ALLOWED,FULL DATA 100%
2026-08-03 18:10:10,14,/topic_14,P4,25.0,195.4 KB,40.0,ALLOWED,FULL DATA 100%
2026-08-03 18:10:10,15,/topic_15,P4,25.0,244.2 KB,50.0,ALLOWED,FULL DATA 100%
2026-08-03 18:10:10,16,/topic_16,P4,25.0,293.0 KB,60.0,BLOCKED,SHEDDED
2026-08-03 18:10:10,17,/topic_17,P5,25.0,341.8 KB,70.0,BLOCKED,SHEDDED
2026-08-03 18:10:10,18,/topic_18,P5,25.0,390.7 KB,80.0,BLOCKED,SHEDDED
2026-08-03 18:10:10,19,/topic_19,P5,25.0,439.5 KB,90.0,BLOCKED,SHEDDED
2026-08-03 18:10:10,20,/topic_20,P5,25.0,244.2 KB,50.0,BLOCKED,SHEDDED
2026-08-03 18:10:11,1,/topic_01,P1,25.0,195.4 KB,40.0,ALLOWED,FULL DATA 100%
2026-08-03 18:10:11,2,/topic_02,P1,25.0,293.0 KB,60.0,ALLOWED,FULL DATA 100%
2026-08-03 18:10:11,3,/topic_03,P1,25.0,97.7 KB,20.0,ALLOWED,FULL DATA 100%
2026-08-03 18:10:11,4,/topic_04,P1,25.0,390.7 KB,80.0,ALLOWED,FULL DATA 100%
2026-08-03 18:10:11,5,/topic_05,P2,25.0,146.5 KB,30.0,ALLOWED,FULL DATA 100%
2026-08-03 18:10:11,6,/topic_06,P2,25.0,341.8 KB,70.0,ALLOWED,FULL DATA 100%
2026-08-03 18:10:11,7,/topic_07,P2,25.0,48.9 KB,10.0,ALLOWED,FULL DATA 100%
2026-08-03 18:10:11,11,/topic_11,P2,25.0,48.9 KB,10.0,ALLOWED,FULL DATA 100%
2026-08-03 18:10:11,9,/topic_09,P3,25.0,244.2 KB,50.0,ALLOWED,FULL DATA 100%
2026-08-03 18:10:11,10,/topic_10,P3,25.0,244.2 KB,50.0,ALLOWED,FULL DATA 100%
2026-08-03 18:10:11,12,/topic_12,P3,25.0,97.7 KB,20.0,ALLOWED,FULL DATA 100%
2026-08-03 18:10:11,8,/topic_08,P4,25.0,439.5 KB,90.0,BLOCKED,SHEDDED
2026-08-03 18:10:11,13,/topic_13,P4,25.0,146.5 KB,30.0,ALLOWED,FULL DATA 100%
2026-08-03 18:10:11,14,/topic_14,P4,25.0,195.4 KB,40.0,ALLOWED,FULL DATA 100%
2026-08-03 18:10:11,15,/topic_15,P4,25.0,244.2 KB,50.0,ALLOWED,FULL DATA 100%
2026-08-03 18:10:11,16,/topic_16,P4,25.0,293.0 KB,60.0,BLOCKED,SHEDDED
2026-08-03 18:10:11,17,/topic_17,P5,25.0,341.8 KB,70.0,BLOCKED,SHEDDED
2026-08-03 18:10:11,18,/topic_18,P5,25.0,390.7 KB,80.0,BLOCKED,SHEDDED
2026-08-03 18:10:11,19,/topic_19,P5,25.0,439.5 KB,90.0,BLOCKED,SHEDDED
2026-08-03 18:10:11,20,/topic_20,P5,25.0,244.2 KB,50.0,BLOCKED,SHEDDED
2026-08-03 18:10:12,1,/topic_01,P1,25.0,195.4 KB,40.0,ALLOWED,FULL DATA 100%
2026-08-03 18:10:12,2,/topic_02,P1,25.0,293.0 KB,60.0,ALLOWED,FULL DATA 100%
2026-08-03 18:10:12,3,/topic_03,P1,25.0,97.7 KB,20.0,ALLOWED,FULL DATA 100%
2026-08-03 18:10:12,4,/topic_04,P1,25.0,390.7 KB,80.0,ALLOWED,FULL DATA 100%
2026-08-03 18:10:12,5,/topic_05,P2,25.0,146.5 KB,30.0,ALLOWED,FULL DATA 100%
2026-08-03 18:10:12,6,/topic_06,P2,25.0,341.8 KB,70.0,ALLOWED,FULL DATA 100%
2026-08-03 18:10:12,7,/topic_07,P2,25.0,48.9 KB,10.0,ALLOWED,FULL DATA 100%
2026-08-03 18:10:12,11,/topic_11,P2,25.0,48.9 KB,10.0,ALLOWED,FULL DATA 100%
2026-08-03 18:10:12,9,/topic_09,P3,25.0,244.2 KB,50.0,ALLOWED,FULL DATA 100%
2026-08-03 18:10:12,10,/topic_10,P3,25.0,244.2 KB,50.0,ALLOWED,FULL DATA 100%
2026-08-03 18:10:12,12,/topic_12,P3,25.0,97.7 KB,20.0,ALLOWED,FULL DATA 100%
2026-08-03 18:10:12,8,/topic_08,P4,25.0,439.5 KB,90.0,BLOCKED,SHEDDED
2026-08-03 18:10:12,13,/topic_13,P4,25.0,146.5 KB,30.0,ALLOWED,FULL DATA 100%
2026-08-03 18:10:12,14,/topic_14,P4,25.0,195.4 KB,40.0,ALLOWED,FULL DATA 100%
2026-08-03 18:10:12,15,/topic_15,P4,25.0,244.2 KB,50.0,ALLOWED,FULL DATA 100%
2026-08-03 18:10:12,16,/topic_16,P4,25.0,293.0 KB,60.0,BLOCKED,SHEDDED
2026-08-03 18:10:12,17,/topic_17,P5,25.0,341.8 KB,70.0,BLOCKED,SHEDDED
2026-08-03 18:10:12,18,/topic_18,P5,25.0,390.7 KB,80.0,BLOCKED,SHEDDED
2026-08-03 18:10:12,19,/topic_19,P5,25.0,439.5 KB,90.0,BLOCKED,SHEDDED
2026-08-03 18:10:12,20,/topic_20,P5,25.0,244.2 KB,50.0,BLOCKED,SHEDDED
2026-08-03 18:10:13,1,/topic_01,P1,25.0,195.4 KB,40.0,ALLOWED,FULL DATA 100%
2026-08-03 18:10:13,2,/topic_02,P1,25.0,293.0 KB,60.0,ALLOWED,FULL DATA 100%
2026-08-03 18:10:13,3,/topic_03,P1,25.0,97.7 KB,20.0,ALLOWED,FULL DATA 100%
2026-08-03 18:10:13,4,/topic_04,P1,25.0,390.7 KB,80.0,ALLOWED,FULL DATA 100%
2026-08-03 18:10:13,5,/topic_05,P2,26.0,146.5 KB,31.2,ALLOWED,FULL DATA 100%
2026-08-03 18:10:13,6,/topic_06,P2,25.0,341.8 KB,70.0,ALLOWED,FULL DATA 100%
2026-08-03 18:10:13,7,/topic_07,P2,25.0,48.9 KB,10.0,ALLOWED,FULL DATA 100%
2026-08-03 18:10:13,11,/topic_11,P2,25.0,48.9 KB,10.0,ALLOWED,FULL DATA 100%
2026-08-03 18:10:13,9,/topic_09,P3,25.0,244.2 KB,50.0,ALLOWED,FULL DATA 100%
2026-08-03 18:10:13,10,/topic_10,P3,25.0,244.2 KB,50.0,ALLOWED,FULL DATA 100%
2026-08-03 18:10:13,12,/topic_12,P3,25.0,97.7 KB,20.0,ALLOWED,FULL DATA 100%
2026-08-03 18:10:13,8,/topic_08,P4,25.0,439.5 KB,90.0,BLOCKED,SHEDDED
2026-08-03 18:10:13,13,/topic_13,P4,25.0,146.5 KB,30.0,ALLOWED,FULL DATA 100%
2026-08-03 18:10:13,14,/topic_14,P4,25.0,195.4 KB,40.0,ALLOWED,FULL DATA 100%
2026-08-03 18:10:13,15,/topic_15,P4,25.0,244.2 KB,50.0,ALLOWED,FULL DATA 100%
2026-08-03 18:10:13,16,/topic_16,P4,25.0,293.0 KB,60.0,BLOCKED,SHEDDED
2026-08-03 18:10:13,17,/topic_17,P5,25.0,341.8 KB,70.0,BLOCKED,SHEDDED
2026-08-03 18:10:13,18,/topic_18,P5,25.0,390.7 KB,80.0,BLOCKED,SHEDDED
2026-08-03 18:10:13,19,/topic_19,P5,25.0,439.5 KB,90.0,BLOCKED,SHEDDED
2026-08-03 18:10:13,20,/topic_20,P5,25.0,244.2 KB,50.0,BLOCKED,SHEDDED
2026-08-03 18:10:14,1,/topic_01,P1,25.0,195.4 KB,40.0,ALLOWED,FULL DATA 100%
2026-08-03 18:10:14,2,/topic_02,P1,25.0,293.0 KB,60.0,ALLOWED,FULL DATA 100%
2026-08-03 18:10:14,3,/topic_03,P1,25.0,97.7 KB,20.0,ALLOWED,FULL DATA 100%
2026-08-03 18:10:14,4,/topic_04,P1,25.0,390.7 KB,80.0,ALLOWED,FULL DATA 100%
2026-08-03 18:10:14,5,/topic_05,P2,25.0,146.5 KB,30.0,ALLOWED,FULL DATA 100%
2026-08-03 18:10:14,6,/topic_06,P2,25.0,341.8 KB,70.0,ALLOWED,FULL DATA 100%
2026-08-03 18:10:14,7,/topic_07,P2,25.0,48.9 KB,10.0,ALLOWED,FULL DATA 100%
2026-08-03 18:10:14,11,/topic_11,P2,25.0,48.9 KB,10.0,ALLOWED,FULL DATA 100%
2026-08-03 18:10:14,9,/topic_09,P3,25.0,244.2 KB,50.0,ALLOWED,FULL DATA 100%
2026-08-03 18:10:14,10,/topic_10,P3,25.0,244.2 KB,50.0,ALLOWED,FULL DATA 100%
2026-08-03 18:10:14,12,/topic_12,P3,25.0,97.7 KB,20.0,ALLOWED,FULL DATA 100%
2026-08-03 18:10:14,8,/topic_08,P4,25.0,439.5 KB,90.0,BLOCKED,SHEDDED
2026-08-03 18:10:14,13,/topic_13,P4,25.0,146.5 KB,30.0,ALLOWED,FULL DATA 100%
2026-08-03 18:10:14,14,/topic_14,P4,25.0,195.4 KB,40.0,ALLOWED,FULL DATA 100%
2026-08-03 18:10:14,15,/topic_15,P4,25.0,244.2 KB,50.0,ALLOWED,FULL DATA 100%
2026-08-03 18:10:14,16,/topic_16,P4,25.0,293.0 KB,60.0,BLOCKED,SHEDDED
2026-08-03 18:10:14,17,/topic_17,P5,25.0,341.8 KB,70.0,BLOCKED,SHEDDED
2026-08-03 18:10:14,18,/topic_18,P5,25.0,390.7 KB,80.0,BLOCKED,SHEDDED
2026-08-03 18:10:14,19,/topic_19,P5,25.0,439.5 KB,90.0,BLOCKED,SHEDDED
2026-08-03 18:10:14,20,/topic_20,P5,25.0,244.2 KB,50.0,BLOCKED,SHEDDED
2026-08-03 18:10:15,1,/topic_01,P1,25.0,195.4 KB,40.0,ALLOWED,FULL DATA 100%
2026-08-03 18:10:15,2,/topic_02,P1,25.0,293.0 KB,60.0,ALLOWED,FULL DATA 100%
2026-08-03 18:10:15,3,/topic_03,P1,25.0,97.7 KB,20.0,ALLOWED,FULL DATA 100%
2026-08-03 18:10:15,4,/topic_04,P1,25.0,390.7 KB,80.0,ALLOWED,FULL DATA 100%
2026-08-03 18:10:15,5,/topic_05,P2,25.0,146.5 KB,30.0,ALLOWED,FULL DATA 100%
2026-08-03 18:10:15,6,/topic_06,P2,25.0,341.8 KB,70.0,ALLOWED,FULL DATA 100%
2026-08-03 18:10:15,7,/topic_07,P2,25.0,48.9 KB,10.0,ALLOWED,FULL DATA 100%
2026-08-03 18:10:15,11,/topic_11,P2,25.0,48.9 KB,10.0,ALLOWED,FULL DATA 100%
2026-08-03 18:10:15,9,/topic_09,P3,25.0,244.2 KB,50.0,ALLOWED,FULL DATA 100%
2026-08-03 18:10:15,10,/topic_10,P3,25.0,244.2 KB,50.0,ALLOWED,FULL DATA 100%
2026-08-03 18:10:15,12,/topic_12,P3,25.0,97.7 KB,20.0,ALLOWED,FULL DATA 100%
2026-08-03 18:10:15,8,/topic_08,P4,25.0,439.5 KB,90.0,BLOCKED,SHEDDED
2026-08-03 18:10:15,13,/topic_13,P4,25.0,146.5 KB,30.0,ALLOWED,FULL DATA 100%
2026-08-03 18:10:15,14,/topic_14,P4,25.0,195.4 KB,40.0,ALLOWED,FULL DATA 100%
2026-08-03 18:10:15,15,/topic_15,P4,25.0,244.2 KB,50.0,ALLOWED,FULL DATA 100%
2026-08-03 18:10:15,16,/topic_16,P4,25.0,293.0 KB,60.0,BLOCKED,SHEDDED
2026-08-03 18:10:15,17,/topic_17,P5,25.0,341.8 KB,70.0,BLOCKED,SHEDDED
2026-08-03 18:10:15,18,/topic_18,P5,25.0,390.7 KB,80.0,BLOCKED,SHEDDED
2026-08-03 18:10:15,19,/topic_19,P5,25.0,439.5 KB,90.0,BLOCKED,SHEDDED
2026-08-03 18:10:15,20,/topic_20,P5,25.0,244.2 KB,50.0,BLOCKED,SHEDDED
2026-08-03 18:10:16,1,/topic_01,P1,25.0,195.4 KB,40.0,ALLOWED,FULL DATA 100%
2026-08-03 18:10:16,2,/topic_02,P1,25.0,293.0 KB,60.0,ALLOWED,FULL DATA 100%
2026-08-03 18:10:16,3,/topic_03,P1,25.0,97.7 KB,20.0,ALLOWED,FULL DATA 100%
2026-08-03 18:10:16,4,/topic_04,P1,25.0,390.7 KB,80.0,ALLOWED,FULL DATA 100%
2026-08-03 18:10:16,5,/topic_05,P2,25.0,146.5 KB,30.0,ALLOWED,FULL DATA 100%
2026-08-03 18:10:16,6,/topic_06,P2,25.0,341.8 KB,70.0,ALLOWED,FULL DATA 100%
2026-08-03 18:10:16,7,/topic_07,P2,25.0,48.9 KB,10.0,ALLOWED,FULL DATA 100%
2026-08-03 18:10:16,11,/topic_11,P2,25.0,48.9 KB,10.0,ALLOWED,FULL DATA 100%
2026-08-03 18:10:16,9,/topic_09,P3,25.0,244.2 KB,50.0,ALLOWED,FULL DATA 100%
2026-08-03 18:10:16,10,/topic_10,P3,25.0,244.2 KB,50.0,ALLOWED,FULL DATA 100%
2026-08-03 18:10:16,12,/topic_12,P3,25.0,97.7 KB,20.0,ALLOWED,FULL DATA 100%
2026-08-03 18:10:16,8,/topic_08,P4,25.0,439.5 KB,90.0,BLOCKED,SHEDDED
2026-08-03 18:10:16,13,/topic_13,P4,25.0,146.5 KB,30.0,ALLOWED,FULL DATA 100%
2026-08-03 18:10:16,14,/topic_14,P4,25.0,195.4 KB,40.0,ALLOWED,FULL DATA 100%
2026-08-03 18:10:16,15,/topic_15,P4,25.0,244.2 KB,50.0,ALLOWED,FULL DATA 100%
2026-08-03 18:10:16,16,/topic_16,P4,25.0,293.0 KB,60.0,BLOCKED,SHEDDED
2026-08-03 18:10:16,17,/topic_17,P5,25.0,341.8 KB,70.0,BLOCKED,SHEDDED
2026-08-03 18:10:16,18,/topic_18,P5,25.0,390.7 KB,80.0,BLOCKED,SHEDDED
2026-08-03 18:10:16,19,/topic_19,P5,25.0,439.5 KB,90.0,BLOCKED,SHEDDED
2026-08-03 18:10:16,20,/topic_20,P5,25.0,244.2 KB,50.0,BLOCKED,SHEDDED
2026-08-03 18:10:17,1,/topic_01,P1,25.0,195.4 KB,40.0,ALLOWED,FULL DATA 100%
2026-08-03 18:10:17,2,/topic_02,P1,25.0,293.0 KB,60.0,ALLOWED,FULL DATA 100%
2026-08-03 18:10:17,3,/topic_03,P1,25.0,97.7 KB,20.0,ALLOWED,FULL DATA 100%
2026-08-03 18:10:17,4,/topic_04,P1,25.0,390.7 KB,80.0,ALLOWED,FULL DATA 100%
2026-08-03 18:10:17,5,/topic_05,P2,25.0,146.5 KB,30.0,ALLOWED,FULL DATA 100%
2026-08-03 18:10:17,6,/topic_06,P2,25.0,341.8 KB,70.0,ALLOWED,FULL DATA 100%
2026-08-03 18:10:17,7,/topic_07,P2,25.0,48.9 KB,10.0,ALLOWED,FULL DATA 100%
2026-08-03 18:10:17,11,/topic_11,P2,25.0,48.9 KB,10.0,ALLOWED,FULL DATA 100%
2026-08-03 18:10:17,9,/topic_09,P3,25.0,244.2 KB,50.0,ALLOWED,FULL DATA 100%
2026-08-03 18:10:17,10,/topic_10,P3,25.0,244.2 KB,50.0,ALLOWED,FULL DATA 100%
2026-08-03 18:10:17,12,/topic_12,P3,25.0,97.7 KB,20.0,ALLOWED,FULL DATA 100%
2026-08-03 18:10:17,8,/topic_08,P4,25.0,439.5 KB,90.0,BLOCKED,SHEDDED
2026-08-03 18:10:17,13,/topic_13,P4,25.0,146.5 KB,30.0,ALLOWED,FULL DATA 100%
2026-08-03 18:10:17,14,/topic_14,P4,25.0,195.4 KB,40.0,ALLOWED,FULL DATA 100%
2026-08-03 18:10:17,15,/topic_15,P4,25.0,244.2 KB,50.0,ALLOWED,FULL DATA 100%
2026-08-03 18:10:17,16,/topic_16,P4,25.0,293.0 KB,60.0,BLOCKED,SHEDDED
2026-08-03 18:10:17,17,/topic_17,P5,25.0,341.8 KB,70.0,BLOCKED,SHEDDED
2026-08-03 18:10:17,18,/topic_18,P5,25.0,390.7 KB,80.0,BLOCKED,SHEDDED
2026-08-03 18:10:17,19,/topic_19,P5,25.0,439.5 KB,90.0,BLOCKED,SHEDDED
2026-08-03 18:10:17,20,/topic_20,P5,25.0,244.2 KB,50.0,BLOCKED,SHEDDED
2026-08-03 18:10:18,1,/topic_01,P1,25.0,195.4 KB,40.0,ALLOWED,FULL DATA 100%
2026-08-03 18:10:18,2,/topic_02,P1,25.0,293.0 KB,60.0,ALLOWED,FULL DATA 100%
2026-08-03 18:10:18,3,/topic_03,P1,25.0,97.7 KB,20.0,ALLOWED,FULL DATA 100%
2026-08-03 18:10:18,4,/topic_04,P1,25.0,390.7 KB,80.0,ALLOWED,FULL DATA 100%
2026-08-03 18:10:18,5,/topic_05,P2,25.0,146.5 KB,30.0,ALLOWED,FULL DATA 100%
2026-08-03 18:10:18,6,/topic_06,P2,25.0,341.8 KB,70.0,ALLOWED,FULL DATA 100%
2026-08-03 18:10:18,7,/topic_07,P2,25.0,48.9 KB,10.0,ALLOWED,FULL DATA 100%
2026-08-03 18:10:18,11,/topic_11,P2,25.0,48.9 KB,10.0,ALLOWED,FULL DATA 100%
2026-08-03 18:10:18,9,/topic_09,P3,25.0,244.2 KB,50.0,ALLOWED,FULL DATA 100%
2026-08-03 18:10:18,10,/topic_10,P3,25.0,244.2 KB,50.0,ALLOWED,FULL DATA 100%
2026-08-03 18:10:18,12,/topic_12,P3,25.0,97.7 KB,20.0,ALLOWED,FULL DATA 100%
2026-08-03 18:10:18,8,/topic_08,P4,25.0,439.5 KB,90.0,BLOCKED,SHEDDED
2026-08-03 18:10:18,13,/topic_13,P4,25.0,146.5 KB,30.0,ALLOWED,FULL DATA 100%
2026-08-03 18:10:18,14,/topic_14,P4,25.0,195.4 KB,40.0,ALLOWED,FULL DATA 100%
2026-08-03 18:10:18,15,/topic_15,P4,25.0,244.2 KB,50.0,ALLOWED,FULL DATA 100%
2026-08-03 18:10:18,16,/topic_16,P4,25.0,293.0 KB,60.0,BLOCKED,SHEDDED
2026-08-03 18:10:18,17,/topic_17,P5,25.0,341.8 KB,70.0,BLOCKED,SHEDDED
2026-08-03 18:10:18,18,/topic_18,P5,25.0,390.7 KB,80.0,BLOCKED,SHEDDED
2026-08-03 18:10:18,19,/topic_19,P5,25.0,439.5 KB,90.0,BLOCKED,SHEDDED
2026-08-03 18:10:18,20,/topic_20,P5,25.0,244.2 KB,50.0,BLOCKED,SHEDDED
2026-08-03 18:10:19,1,/topic_01,P1,25.0,195.4 KB,40.0,ALLOWED,FULL DATA 100%
2026-08-03 18:10:19,2,/topic_02,P1,25.0,293.0 KB,60.0,ALLOWED,FULL DATA 100%
2026-08-03 18:10:19,3,/topic_03,P1,25.0,97.7 KB,20.0,ALLOWED,FULL DATA 100%
2026-08-03 18:10:19,4,/topic_04,P1,25.0,390.7 KB,80.0,ALLOWED,FULL DATA 100%
2026-08-03 18:10:19,5,/topic_05,P2,25.0,146.5 KB,30.0,ALLOWED,FULL DATA 100%
2026-08-03 18:10:19,6,/topic_06,P2,25.0,341.8 KB,70.0,ALLOWED,FULL DATA 100%
2026-08-03 18:10:19,7,/topic_07,P2,25.0,48.9 KB,10.0,ALLOWED,FULL DATA 100%
2026-08-03 18:10:19,11,/topic_11,P2,25.0,48.9 KB,10.0,ALLOWED,FULL DATA 100%
2026-08-03 18:10:19,9,/topic_09,P3,25.0,244.2 KB,50.0,ALLOWED,FULL DATA 100%
2026-08-03 18:10:19,10,/topic_10,P3,25.0,244.2 KB,50.0,ALLOWED,FULL DATA 100%
2026-08-03 18:10:19,12,/topic_12,P3,25.0,97.7 KB,20.0,ALLOWED,FULL DATA 100%
2026-08-03 18:10:19,8,/topic_08,P4,25.0,439.5 KB,90.0,BLOCKED,SHEDDED
2026-08-03 18:10:19,13,/topic_13,P4,25.0,146.5 KB,30.0,ALLOWED,FULL DATA 100%
2026-08-03 18:10:19,14,/topic_14,P4,25.0,195.4 KB,40.0,ALLOWED,FULL DATA 100%
2026-08-03 18:10:19,15,/topic_15,P4,25.0,244.2 KB,50.0,ALLOWED,FULL DATA 100%
2026-08-03 18:10:19,16,/topic_16,P4,25.0,293.0 KB,60.0,BLOCKED,SHEDDED
2026-08-03 18:10:19,17,/topic_17,P5,25.0,341.8 KB,70.0,BLOCKED,SHEDDED
2026-08-03 18:10:19,18,/topic_18,P5,25.0,390.7 KB,80.0,BLOCKED,SHEDDED
2026-08-03 18:10:19,19,/topic_19,P5,25.0,439.5 KB,90.0,BLOCKED,SHEDDED
2026-08-03 18:10:19,20,/topic_20,P5,25.0,244.2 KB,50.0,BLOCKED,SHEDDED
2026-08-03 18:10:20,1,/topic_01,P1,25.0,195.4 KB,40.0,ALLOWED,FULL DATA 100%
2026-08-03 18:10:20,2,/topic_02,P1,25.0,293.0 KB,60.0,ALLOWED,FULL DATA 100%
2026-08-03 18:10:20,3,/topic_03,P1,25.0,97.7 KB,20.0,ALLOWED,FULL DATA 100%
2026-08-03 18:10:20,4,/topic_04,P1,25.0,390.7 KB,80.0,ALLOWED,FULL DATA 100%
2026-08-03 18:10:20,5,/topic_05,P2,25.0,146.5 KB,30.0,ALLOWED,FULL DATA 100%
2026-08-03 18:10:20,6,/topic_06,P2,25.0,341.8 KB,70.0,ALLOWED,FULL DATA 100%
2026-08-03 18:10:20,7,/topic_07,P2,25.0,48.9 KB,10.0,ALLOWED,FULL DATA 100%
2026-08-03 18:10:20,11,/topic_11,P2,25.0,48.9 KB,10.0,ALLOWED,FULL DATA 100%
2026-08-03 18:10:20,9,/topic_09,P3,25.0,244.2 KB,50.0,ALLOWED,FULL DATA 100%
2026-08-03 18:10:20,10,/topic_10,P3,25.0,244.2 KB,50.0,ALLOWED,FULL DATA 100%
2026-08-03 18:10:20,12,/topic_12,P3,25.0,97.7 KB,20.0,ALLOWED,FULL DATA 100%
2026-08-03 18:10:20,8,/topic_08,P4,25.0,439.5 KB,90.0,BLOCKED,SHEDDED
2026-08-03 18:10:20,13,/topic_13,P4,25.0,146.5 KB,30.0,ALLOWED,FULL DATA 100%
2026-08-03 18:10:20,14,/topic_14,P4,25.0,195.4 KB,40.0,ALLOWED,FULL DATA 100%
2026-08-03 18:10:20,15,/topic_15,P4,25.0,244.2 KB,50.0,ALLOWED,FULL DATA 100%
2026-08-03 18:10:20,16,/topic_16,P4,25.0,293.0 KB,60.0,BLOCKED,SHEDDED
2026-08-03 18:10:20,17,/topic_17,P5,25.0,341.8 KB,70.0,BLOCKED,SHEDDED
2026-08-03 18:10:20,18,/topic_18,P5,25.0,390.7 KB,80.0,BLOCKED,SHEDDED
2026-08-03 18:10:20,19,/topic_19,P5,25.0,439.5 KB,90.0,BLOCKED,SHEDDED
2026-08-03 18:10:20,20,/topic_20,P5,25.0,244.2 KB,50.0,BLOCKED,SHEDDED
2026-08-03 18:10:21,1,/topic_01,P1,25.0,195.4 KB,40.0,ALLOWED,FULL DATA 100%
2026-08-03 18:10:21,2,/topic_02,P1,25.0,293.0 KB,60.0,ALLOWED,FULL DATA 100%
2026-08-03 18:10:21,3,/topic_03,P1,25.0,97.7 KB,20.0,ALLOWED,FULL DATA 100%
2026-08-03 18:10:21,4,/topic_04,P1,25.0,390.7 KB,80.0,ALLOWED,FULL DATA 100%
2026-08-03 18:10:21,5,/topic_05,P2,25.0,146.5 KB,30.0,ALLOWED,FULL DATA 100%
2026-08-03 18:10:21,6,/topic_06,P2,25.0,341.8 KB,70.0,ALLOWED,FULL DATA 100%
2026-08-03 18:10:21,7,/topic_07,P2,25.0,48.9 KB,10.0,ALLOWED,FULL DATA 100%
2026-08-03 18:10:21,11,/topic_11,P2,25.0,48.9 KB,10.0,ALLOWED,FULL DATA 100%
2026-08-03 18:10:21,9,/topic_09,P3,25.0,244.2 KB,50.0,ALLOWED,FULL DATA 100%
2026-08-03 18:10:21,10,/topic_10,P3,25.0,244.2 KB,50.0,ALLOWED,FULL DATA 100%
2026-08-03 18:10:21,12,/topic_12,P3,25.0,97.7 KB,20.0,ALLOWED,FULL DATA 100%
2026-08-03 18:10:21,8,/topic_08,P4,25.0,439.5 KB,90.0,BLOCKED,SHEDDED
2026-08-03 18:10:21,13,/topic_13,P4,25.0,146.5 KB,30.0,ALLOWED,FULL DATA 100%
2026-08-03 18:10:21,14,/topic_14,P4,25.0,195.4 KB,40.0,ALLOWED,FULL DATA 100%
2026-08-03 18:10:21,15,/topic_15,P4,25.0,244.2 KB,50.0,ALLOWED,FULL DATA 100%
2026-08-03 18:10:21,16,/topic_16,P4,25.0,293.0 KB,60.0,BLOCKED,SHEDDED
2026-08-03 18:10:21,17,/topic_17,P5,25.0,341.8 KB,70.0,BLOCKED,SHEDDED
2026-08-03 18:10:21,18,/topic_18,P5,25.0,390.7 KB,80.0,BLOCKED,SHEDDED
2026-08-03 18:10:21,19,/topic_19,P5,25.0,439.5 KB,90.0,BLOCKED,SHEDDED
2026-08-03 18:10:21,20,/topic_20,P5,25.0,244.2 KB,50.0,BLOCKED,SHEDDED
2026-08-03 18:10:22,1,/topic_01,P1,25.0,195.4 KB,40.0,ALLOWED,FULL DATA 100%
2026-08-03 18:10:22,2,/topic_02,P1,25.0,293.0 KB,60.0,ALLOWED,FULL DATA 100%
2026-08-03 18:10:22,3,/topic_03,P1,25.0,97.7 KB,20.0,ALLOWED,FULL DATA 100%
2026-08-03 18:10:22,4,/topic_04,P1,25.0,390.7 KB,80.0,ALLOWED,FULL DATA 100%
2026-08-03 18:10:22,5,/topic_05,P2,25.0,146.5 KB,30.0,ALLOWED,FULL DATA 100%
2026-08-03 18:10:22,6,/topic_06,P2,25.0,341.8 KB,70.0,ALLOWED,FULL DATA 100%
2026-08-03 18:10:22,7,/topic_07,P2,25.0,48.9 KB,10.0,ALLOWED,FULL DATA 100%
2026-08-03 18:10:22,11,/topic_11,P2,25.0,48.9 KB,10.0,ALLOWED,FULL DATA 100%
2026-08-03 18:10:22,9,/topic_09,P3,25.0,244.2 KB,50.0,ALLOWED,FULL DATA 100%
2026-08-03 18:10:22,10,/topic_10,P3,25.0,244.2 KB,50.0,ALLOWED,FULL DATA 100%
2026-08-03 18:10:22,12,/topic_12,P3,25.0,97.7 KB,20.0,ALLOWED,FULL DATA 100%
2026-08-03 18:10:22,8,/topic_08,P4,25.0,439.5 KB,90.0,BLOCKED,SHEDDED
2026-08-03 18:10:22,13,/topic_13,P4,25.0,146.5 KB,30.0,ALLOWED,FULL DATA 100%
2026-08-03 18:10:22,14,/topic_14,P4,25.0,195.4 KB,40.0,ALLOWED,FULL DATA 100%
2026-08-03 18:10:22,15,/topic_15,P4,25.0,244.2 KB,50.0,ALLOWED,FULL DATA 100%
2026-08-03 18:10:22,16,/topic_16,P4,25.0,293.0 KB,60.0,BLOCKED,SHEDDED
2026-08-03 18:10:22,17,/topic_17,P5,25.0,341.8 KB,70.0,BLOCKED,SHEDDED
2026-08-03 18:10:22,18,/topic_18,P5,25.0,390.7 KB,80.0,BLOCKED,SHEDDED
2026-08-03 18:10:22,19,/topic_19,P5,25.0,439.5 KB,90.0,BLOCKED,SHEDDED
2026-08-03 18:10:22,20,/topic_20,P5,25.0,244.2 KB,50.0,BLOCKED,SHEDDED
2026-08-03 18:10:23,1,/topic_01,P1,25.0,195.4 KB,40.0,ALLOWED,FULL DATA 100%
2026-08-03 18:10:23,2,/topic_02,P1,25.0,293.0 KB,60.0,ALLOWED,FULL DATA 100%
2026-08-03 18:10:23,3,/topic_03,P1,25.0,97.7 KB,20.0,ALLOWED,FULL DATA 100%
2026-08-03 18:10:23,4,/topic_04,P1,25.0,390.7 KB,80.0,ALLOWED,FULL DATA 100%
2026-08-03 18:10:23,5,/topic_05,P2,25.0,146.5 KB,30.0,ALLOWED,FULL DATA 100%
2026-08-03 18:10:23,6,/topic_06,P2,25.0,341.8 KB,70.0,ALLOWED,FULL DATA 100%
2026-08-03 18:10:23,7,/topic_07,P2,25.0,48.9 KB,10.0,ALLOWED,FULL DATA 100%
2026-08-03 18:10:23,11,/topic_11,P2,25.0,48.9 KB,10.0,ALLOWED,FULL DATA 100%
2026-08-03 18:10:23,9,/topic_09,P3,25.0,244.2 KB,50.0,ALLOWED,FULL DATA 100%
2026-08-03 18:10:23,10,/topic_10,P3,25.0,244.2 KB,50.0,ALLOWED,FULL DATA 100%
2026-08-03 18:10:23,12,/topic_12,P3,25.0,97.7 KB,20.0,ALLOWED,FULL DATA 100%
2026-08-03 18:10:23,8,/topic_08,P4,25.0,439.5 KB,90.0,BLOCKED,SHEDDED
2026-08-03 18:10:23,13,/topic_13,P4,25.0,146.5 KB,30.0,ALLOWED,FULL DATA 100%
2026-08-03 18:10:23,14,/topic_14,P4,25.0,195.4 KB,40.0,ALLOWED,FULL DATA 100%
2026-08-03 18:10:23,15,/topic_15,P4,25.0,244.2 KB,50.0,ALLOWED,FULL DATA 100%
2026-08-03 18:10:23,16,/topic_16,P4,25.0,293.0 KB,60.0,BLOCKED,SHEDDED
2026-08-03 18:10:23,17,/topic_17,P5,25.0,341.8 KB,70.0,BLOCKED,SHEDDED
2026-08-03 18:10:23,18,/topic_18,P5,25.0,390.7 KB,80.0,BLOCKED,SHEDDED
2026-08-03 18:10:23,19,/topic_19,P5,25.0,439.5 KB,90.0,BLOCKED,SHEDDED
2026-08-03 18:10:23,20,/topic_20,P5,25.0,244.2 KB,50.0,BLOCKED,SHEDDED
2026-08-03 18:10:24,1,/topic_01,P1,25.0,195.4 KB,40.0,ALLOWED,FULL DATA 100%
2026-08-03 18:10:24,2,/topic_02,P1,25.0,293.0 KB,60.0,ALLOWED,FULL DATA 100%
2026-08-03 18:10:24,3,/topic_03,P1,25.0,97.7 KB,20.0,ALLOWED,FULL DATA 100%
2026-08-03 18:10:24,4,/topic_04,P1,25.0,390.7 KB,80.0,ALLOWED,FULL DATA 100%
2026-08-03 18:10:24,5,/topic_05,P2,25.0,146.5 KB,30.0,ALLOWED,FULL DATA 100%
2026-08-03 18:10:24,6,/topic_06,P2,25.0,341.8 KB,70.0,ALLOWED,FULL DATA 100%
2026-08-03 18:10:24,7,/topic_07,P2,25.0,48.9 KB,10.0,ALLOWED,FULL DATA 100%
2026-08-03 18:10:24,11,/topic_11,P2,25.0,48.9 KB,10.0,ALLOWED,FULL DATA 100%
2026-08-03 18:10:24,9,/topic_09,P3,25.0,244.2 KB,50.0,ALLOWED,FULL DATA 100%
2026-08-03 18:10:24,10,/topic_10,P3,25.0,244.2 KB,50.0,ALLOWED,FULL DATA 100%
2026-08-03 18:10:24,12,/topic_12,P3,25.0,97.7 KB,20.0,ALLOWED,FULL DATA 100%
2026-08-03 18:10:24,8,/topic_08,P4,25.0,439.5 KB,90.0,BLOCKED,SHEDDED
2026-08-03 18:10:24,13,/topic_13,P4,25.0,146.5 KB,30.0,ALLOWED,FULL DATA 100%
2026-08-03 18:10:24,14,/topic_14,P4,25.0,195.4 KB,40.0,ALLOWED,FULL DATA 100%
2026-08-03 18:10:24,15,/topic_15,P4,25.0,244.2 KB,50.0,ALLOWED,FULL DATA 100%
2026-08-03 18:10:24,16,/topic_16,P4,25.0,293.0 KB,60.0,BLOCKED,SHEDDED
2026-08-03 18:10:24,17,/topic_17,P5,25.0,341.8 KB,70.0,BLOCKED,SHEDDED
2026-08-03 18:10:24,18,/topic_18,P5,25.0,390.7 KB,80.0,BLOCKED,SHEDDED
2026-08-03 18:10:24,19,/topic_19,P5,25.0,439.5 KB,90.0,BLOCKED,SHEDDED
2026-08-03 18:10:24,20,/topic_20,P5,25.0,244.2 KB,50.0,BLOCKED,SHEDDED
2026-08-03 18:10:25,1,/topic_01,P1,25.0,195.4 KB,40.0,ALLOWED,FULL DATA 100%
2026-08-03 18:10:25,2,/topic_02,P1,25.0,293.0 KB,60.0,ALLOWED,FULL DATA 100%
2026-08-03 18:10:25,3,/topic_03,P1,25.0,97.7 KB,20.0,ALLOWED,FULL DATA 100%
2026-08-03 18:10:25,4,/topic_04,P1,25.0,390.7 KB,80.0,ALLOWED,FULL DATA 100%
2026-08-03 18:10:25,5,/topic_05,P2,25.0,146.5 KB,30.0,ALLOWED,FULL DATA 100%
2026-08-03 18:10:25,6,/topic_06,P2,25.0,341.8 KB,70.0,ALLOWED,FULL DATA 100%
2026-08-03 18:10:25,7,/topic_07,P2,25.0,48.9 KB,10.0,ALLOWED,FULL DATA 100%
2026-08-03 18:10:25,11,/topic_11,P2,25.0,48.9 KB,10.0,ALLOWED,FULL DATA 100%
2026-08-03 18:10:25,9,/topic_09,P3,25.0,244.2 KB,50.0,ALLOWED,FULL DATA 100%
2026-08-03 18:10:25,10,/topic_10,P3,25.0,244.2 KB,50.0,ALLOWED,FULL DATA 100%
2026-08-03 18:10:25,12,/topic_12,P3,25.0,97.7 KB,20.0,ALLOWED,FULL DATA 100%
2026-08-03 18:10:25,8,/topic_08,P4,25.0,439.5 KB,90.0,BLOCKED,SHEDDED
2026-08-03 18:10:25,13,/topic_13,P4,25.0,146.5 KB,30.0,ALLOWED,FULL DATA 100%
2026-08-03 18:10:25,14,/topic_14,P4,25.0,195.4 KB,40.0,ALLOWED,FULL DATA 100%
2026-08-03 18:10:25,15,/topic_15,P4,25.0,244.2 KB,50.0,ALLOWED,FULL DATA 100%
2026-08-03 18:10:25,16,/topic_16,P4,25.0,293.0 KB,60.0,BLOCKED,SHEDDED
2026-08-03 18:10:25,17,/topic_17,P5,25.0,341.8 KB,70.0,BLOCKED,SHEDDED
2026-08-03 18:10:25,18,/topic_18,P5,25.0,390.7 KB,80.0,BLOCKED,SHEDDED
2026-08-03 18:10:25,19,/topic_19,P5,25.0,439.5 KB,90.0,BLOCKED,SHEDDED
2026-08-03 18:10:25,20,/topic_20,P5,25.0,244.2 KB,50.0,BLOCKED,SHEDDED
2026-08-03 18:10:26,1,/topic_01,P1,25.0,195.4 KB,40.0,ALLOWED,FULL DATA 100%
2026-08-03 18:10:26,2,/topic_02,P1,25.0,293.0 KB,60.0,ALLOWED,FULL DATA 100%
2026-08-03 18:10:26,3,/topic_03,P1,25.0,97.7 KB,20.0,ALLOWED,FULL DATA 100%
2026-08-03 18:10:26,4,/topic_04,P1,25.0,390.7 KB,80.0,ALLOWED,FULL DATA 100%
2026-08-03 18:10:26,5,/topic_05,P2,25.0,146.5 KB,30.0,ALLOWED,FULL DATA 100%
2026-08-03 18:10:26,6,/topic_06,P2,25.0,341.8 KB,70.0,ALLOWED,FULL DATA 100%
2026-08-03 18:10:26,7,/topic_07,P2,25.0,48.9 KB,10.0,ALLOWED,FULL DATA 100%
2026-08-03 18:10:26,11,/topic_11,P2,25.0,48.9 KB,10.0,ALLOWED,FULL DATA 100%
2026-08-03 18:10:26,9,/topic_09,P3,25.0,244.2 KB,50.0,ALLOWED,FULL DATA 100%
2026-08-03 18:10:26,10,/topic_10,P3,25.0,244.2 KB,50.0,ALLOWED,FULL DATA 100%
2026-08-03 18:10:26,12,/topic_12,P3,25.0,97.7 KB,20.0,ALLOWED,FULL DATA 100%
2026-08-03 18:10:26,8,/topic_08,P4,25.0,439.5 KB,90.0,BLOCKED,SHEDDED
2026-08-03 18:10:26,13,/topic_13,P4,25.0,146.5 KB,30.0,ALLOWED,FULL DATA 100%
2026-08-03 18:10:26,14,/topic_14,P4,25.0,195.4 KB,40.0,ALLOWED,FULL DATA 100%
2026-08-03 18:10:26,15,/topic_15,P4,25.0,244.2 KB,50.0,ALLOWED,FULL DATA 100%
2026-08-03 18:10:26,16,/topic_16,P4,25.0,293.0 KB,60.0,BLOCKED,SHEDDED
2026-08-03 18:10:26,17,/topic_17,P5,25.0,341.8 KB,70.0,BLOCKED,SHEDDED
2026-08-03 18:10:26,18,/topic_18,P5,25.0,390.7 KB,80.0,BLOCKED,SHEDDED
2026-08-03 18:10:26,19,/topic_19,P5,25.0,439.5 KB,90.0,BLOCKED,SHEDDED
2026-08-03 18:10:26,20,/topic_20,P5,25.0,244.2 KB,50.0,BLOCKED,SHEDDED
2026-08-03 18:10:27,1,/topic_01,P1,25.0,195.4 KB,40.0,ALLOWED,FULL DATA 100%
2026-08-03 18:10:27,2,/topic_02,P1,25.0,293.0 KB,60.0,ALLOWED,FULL DATA 100%
2026-08-03 18:10:27,3,/topic_03,P1,25.0,97.7 KB,20.0,ALLOWED,FULL DATA 100%
2026-08-03 18:10:27,4,/topic_04,P1,25.0,390.7 KB,80.0,ALLOWED,FULL DATA 100%
2026-08-03 18:10:27,5,/topic_05,P2,25.0,146.5 KB,30.0,ALLOWED,FULL DATA 100%
2026-08-03 18:10:27,6,/topic_06,P2,25.0,341.8 KB,70.0,ALLOWED,FULL DATA 100%
2026-08-03 18:10:27,7,/topic_07,P2,25.0,48.9 KB,10.0,ALLOWED,FULL DATA 100%
2026-08-03 18:10:27,11,/topic_11,P2,25.0,48.9 KB,10.0,ALLOWED,FULL DATA 100%
2026-08-03 18:10:27,9,/topic_09,P3,25.0,244.2 KB,50.0,ALLOWED,FULL DATA 100%
2026-08-03 18:10:27,10,/topic_10,P3,25.0,244.2 KB,50.0,ALLOWED,FULL DATA 100%
2026-08-03 18:10:27,12,/topic_12,P3,25.0,97.7 KB,20.0,ALLOWED,FULL DATA 100%
2026-08-03 18:10:27,8,/topic_08,P4,25.0,439.5 KB,90.0,BLOCKED,SHEDDED
2026-08-03 18:10:27,13,/topic_13,P4,25.0,146.5 KB,30.0,ALLOWED,FULL DATA 100%
2026-08-03 18:10:27,14,/topic_14,P4,25.0,195.4 KB,40.0,ALLOWED,FULL DATA 100%
2026-08-03 18:10:27,15,/topic_15,P4,25.0,244.2 KB,50.0,ALLOWED,FULL DATA 100%
2026-08-03 18:10:27,16,/topic_16,P4,25.0,293.0 KB,60.0,BLOCKED,SHEDDED
2026-08-03 18:10:27,17,/topic_17,P5,25.0,341.8 KB,70.0,BLOCKED,SHEDDED
2026-08-03 18:10:27,18,/topic_18,P5,25.0,390.7 KB,80.0,BLOCKED,SHEDDED
2026-08-03 18:10:27,19,/topic_19,P5,25.0,439.5 KB,90.0,BLOCKED,SHEDDED
2026-08-03 18:10:27,20,/topic_20,P5,25.0,244.2 KB,50.0,BLOCKED,SHEDDED
2026-08-03 18:10:28,1,/topic_01,P1,25.0,195.4 KB,40.0,ALLOWED,FULL DATA 100%
2026-08-03 18:10:28,2,/topic_02,P1,25.0,293.0 KB,60.0,ALLOWED,FULL DATA 100%
2026-08-03 18:10:28,3,/topic_03,P1,25.0,97.7 KB,20.0,ALLOWED,FULL DATA 100%
2026-08-03 18:10:28,4,/topic_04,P1,25.0,390.7 KB,80.0,ALLOWED,FULL DATA 100%
2026-08-03 18:10:28,5,/topic_05,P2,25.0,146.5 KB,30.0,ALLOWED,FULL DATA 100%
2026-08-03 18:10:28,6,/topic_06,P2,25.0,341.8 KB,70.0,ALLOWED,FULL DATA 100%
2026-08-03 18:10:28,7,/topic_07,P2,25.0,48.9 KB,10.0,ALLOWED,FULL DATA 100%
2026-08-03 18:10:28,11,/topic_11,P2,25.0,48.9 KB,10.0,ALLOWED,FULL DATA 100%
2026-08-03 18:10:28,9,/topic_09,P3,25.0,244.2 KB,50.0,ALLOWED,FULL DATA 100%
2026-08-03 18:10:28,10,/topic_10,P3,25.0,244.2 KB,50.0,ALLOWED,FULL DATA 100%
2026-08-03 18:10:28,12,/topic_12,P3,25.0,97.7 KB,20.0,ALLOWED,FULL DATA 100%
2026-08-03 18:10:28,8,/topic_08,P4,25.0,439.5 KB,90.0,BLOCKED,SHEDDED
2026-08-03 18:10:28,13,/topic_13,P4,25.0,146.5 KB,30.0,ALLOWED,FULL DATA 100%
2026-08-03 18:10:28,14,/topic_14,P4,25.0,195.4 KB,40.0,ALLOWED,FULL DATA 100%
2026-08-03 18:10:28,15,/topic_15,P4,25.0,244.2 KB,50.0,ALLOWED,FULL DATA 100%
2026-08-03 18:10:28,16,/topic_16,P4,25.0,293.0 KB,60.0,BLOCKED,SHEDDED
2026-08-03 18:10:28,17,/topic_17,P5,25.0,341.8 KB,70.0,BLOCKED,SHEDDED
2026-08-03 18:10:28,18,/topic_18,P5,25.0,390.7 KB,80.0,BLOCKED,SHEDDED
2026-08-03 18:10:28,19,/topic_19,P5,25.0,439.5 KB,90.0,BLOCKED,SHEDDED
2026-08-03 18:10:28,20,/topic_20,P5,25.0,244.2 KB,50.0,BLOCKED,SHEDDED
2026-08-03 18:10:29,1,/topic_01,P1,25.0,195.4 KB,40.0,ALLOWED,FULL DATA 100%
2026-08-03 18:10:29,2,/topic_02,P1,25.0,293.0 KB,60.0,ALLOWED,FULL DATA 100%
2026-08-03 18:10:29,3,/topic_03,P1,25.0,97.7 KB,20.0,ALLOWED,FULL DATA 100%
2026-08-03 18:10:29,4,/topic_04,P1,25.0,390.7 KB,80.0,ALLOWED,FULL DATA 100%
2026-08-03 18:10:29,5,/topic_05,P2,25.0,146.5 KB,30.0,ALLOWED,FULL DATA 100%
2026-08-03 18:10:29,6,/topic_06,P2,25.0,341.8 KB,70.0,ALLOWED,FULL DATA 100%
2026-08-03 18:10:29,7,/topic_07,P2,25.0,48.9 KB,10.0,ALLOWED,FULL DATA 100%
2026-08-03 18:10:29,11,/topic_11,P2,25.0,48.9 KB,10.0,ALLOWED,FULL DATA 100%
2026-08-03 18:10:29,9,/topic_09,P3,25.0,244.2 KB,50.0,ALLOWED,FULL DATA 100%
2026-08-03 18:10:29,10,/topic_10,P3,25.0,244.2 KB,50.0,ALLOWED,FULL DATA 100%
2026-08-03 18:10:29,12,/topic_12,P3,25.0,97.7 KB,20.0,ALLOWED,FULL DATA 100%
2026-08-03 18:10:29,8,/topic_08,P4,25.0,439.5 KB,90.0,BLOCKED,SHEDDED
2026-08-03 18:10:29,13,/topic_13,P4,25.0,146.5 KB,30.0,ALLOWED,FULL DATA 100%
2026-08-03 18:10:29,14,/topic_14,P4,25.0,195.4 KB,40.0,ALLOWED,FULL DATA 100%
2026-08-03 18:10:29,15,/topic_15,P4,25.0,244.2 KB,50.0,ALLOWED,FULL DATA 100%
2026-08-03 18:10:29,16,/topic_16,P4,25.0,293.0 KB,60.0,BLOCKED,SHEDDED
2026-08-03 18:10:29,17,/topic_17,P5,25.0,341.8 KB,70.0,BLOCKED,SHEDDED
2026-08-03 18:10:29,18,/topic_18,P5,25.0,390.7 KB,80.0,BLOCKED,SHEDDED
2026-08-03 18:10:29,19,/topic_19,P5,25.0,439.5 KB,90.0,BLOCKED,SHEDDED
2026-08-03 18:10:29,20,/topic_20,P5,25.0,244.2 KB,50.0,BLOCKED,SHEDDED
2026-08-03 18:10:30,1,/topic_01,P1,25.0,195.4 KB,40.0,ALLOWED,FULL DATA 100%
2026-08-03 18:10:30,2,/topic_02,P1,25.0,293.0 KB,60.0,ALLOWED,FULL DATA 100%
2026-08-03 18:10:30,3,/topic_03,P1,25.0,97.7 KB,20.0,ALLOWED,FULL DATA 100%
2026-08-03 18:10:30,4,/topic_04,P1,25.0,390.7 KB,80.0,ALLOWED,FULL DATA 100%
2026-08-03 18:10:30,5,/topic_05,P2,25.0,146.5 KB,30.0,ALLOWED,FULL DATA 100%
2026-08-03 18:10:30,6,/topic_06,P2,25.0,341.8 KB,70.0,ALLOWED,FULL DATA 100%
2026-08-03 18:10:30,7,/topic_07,P2,25.0,48.9 KB,10.0,ALLOWED,FULL DATA 100%
2026-08-03 18:10:30,11,/topic_11,P2,25.0,48.9 KB,10.0,ALLOWED,FULL DATA 100%
2026-08-03 18:10:30,9,/topic_09,P3,25.0,244.2 KB,50.0,ALLOWED,FULL DATA 100%
2026-08-03 18:10:30,10,/topic_10,P3,25.0,244.2 KB,50.0,ALLOWED,FULL DATA 100%
2026-08-03 18:10:30,12,/topic_12,P3,25.0,97.7 KB,20.0,ALLOWED,FULL DATA 100%
2026-08-03 18:10:30,8,/topic_08,P4,25.0,439.5 KB,90.0,BLOCKED,SHEDDED
2026-08-03 18:10:30,13,/topic_13,P4,25.0,146.5 KB,30.0,ALLOWED,FULL DATA 100%
2026-08-03 18:10:30,14,/topic_14,P4,25.0,195.4 KB,40.0,ALLOWED,FULL DATA 100%
2026-08-03 18:10:30,15,/topic_15,P4,25.0,244.2 KB,50.0,ALLOWED,FULL DATA 100%
2026-08-03 18:10:30,16,/topic_16,P4,25.0,293.0 KB,60.0,BLOCKED,SHEDDED
2026-08-03 18:10:30,17,/topic_17,P5,25.0,341.8 KB,70.0,BLOCKED,SHEDDED
2026-08-03 18:10:30,18,/topic_18,P5,25.0,390.7 KB,80.0,BLOCKED,SHEDDED
2026-08-03 18:10:30,19,/topic_19,P5,25.0,439.5 KB,90.0,BLOCKED,SHEDDED
2026-08-03 18:10:30,20,/topic_20,P5,25.0,244.2 KB,50.0,BLOCKED,SHEDDED
2026-08-03 18:10:31,1,/topic_01,P1,25.0,195.4 KB,40.0,ALLOWED,FULL DATA 100%
2026-08-03 18:10:31,2,/topic_02,P1,25.0,293.0 KB,60.0,ALLOWED,FULL DATA 100%
2026-08-03 18:10:31,3,/topic_03,P1,25.0,97.7 KB,20.0,ALLOWED,FULL DATA 100%
2026-08-03 18:10:31,4,/topic_04,P1,25.0,390.7 KB,80.0,ALLOWED,FULL DATA 100%
2026-08-03 18:10:31,5,/topic_05,P2,25.0,146.5 KB,30.0,ALLOWED,FULL DATA 100%
2026-08-03 18:10:31,6,/topic_06,P2,25.0,341.8 KB,70.0,ALLOWED,FULL DATA 100%
2026-08-03 18:10:31,7,/topic_07,P2,25.0,48.9 KB,10.0,ALLOWED,FULL DATA 100%
2026-08-03 18:10:31,11,/topic_11,P2,25.0,48.9 KB,10.0,ALLOWED,FULL DATA 100%
2026-08-03 18:10:31,9,/topic_09,P3,25.0,244.2 KB,50.0,ALLOWED,FULL DATA 100%
2026-08-03 18:10:31,10,/topic_10,P3,25.0,244.2 KB,50.0,ALLOWED,FULL DATA 100%
2026-08-03 18:10:31,12,/topic_12,P3,25.0,97.7 KB,20.0,ALLOWED,FULL DATA 100%
2026-08-03 18:10:31,8,/topic_08,P4,25.0,439.5 KB,90.0,BLOCKED,SHEDDED
2026-08-03 18:10:31,13,/topic_13,P4,25.0,146.5 KB,30.0,ALLOWED,FULL DATA 100%
2026-08-03 18:10:31,14,/topic_14,P4,25.0,195.4 KB,40.0,ALLOWED,FULL DATA 100%
2026-08-03 18:10:31,15,/topic_15,P4,25.0,244.2 KB,50.0,ALLOWED,FULL DATA 100%
2026-08-03 18:10:31,16,/topic_16,P4,25.0,293.0 KB,60.0,BLOCKED,SHEDDED
2026-08-03 18:10:31,17,/topic_17,P5,25.0,341.8 KB,70.0,BLOCKED,SHEDDED
2026-08-03 18:10:31,18,/topic_18,P5,25.0,390.7 KB,80.0,BLOCKED,SHEDDED
2026-08-03 18:10:31,19,/topic_19,P5,25.0,439.5 KB,90.0,BLOCKED,SHEDDED
2026-08-03 18:10:31,20,/topic_20,P5,25.0,244.2 KB,50.0,BLOCKED,SHEDDED
2026-08-03 18:10:32,1,/topic_01,P1,25.0,195.4 KB,40.0,ALLOWED,FULL DATA 100%
2026-08-03 18:10:32,2,/topic_02,P1,25.0,293.0 KB,60.0,ALLOWED,FULL DATA 100%
2026-08-03 18:10:32,3,/topic_03,P1,25.0,97.7 KB,20.0,ALLOWED,FULL DATA 100%
2026-08-03 18:10:32,4,/topic_04,P1,25.0,390.7 KB,80.0,ALLOWED,FULL DATA 100%
2026-08-03 18:10:32,5,/topic_05,P2,25.0,146.5 KB,30.0,ALLOWED,FULL DATA 100%
2026-08-03 18:10:32,6,/topic_06,P2,25.0,341.8 KB,70.0,ALLOWED,FULL DATA 100%
2026-08-03 18:10:32,7,/topic_07,P2,25.0,48.9 KB,10.0,ALLOWED,FULL DATA 100%
2026-08-03 18:10:32,11,/topic_11,P2,25.0,48.9 KB,10.0,ALLOWED,FULL DATA 100%
2026-08-03 18:10:32,9,/topic_09,P3,25.0,244.2 KB,50.0,ALLOWED,FULL DATA 100%
2026-08-03 18:10:32,10,/topic_10,P3,25.0,244.2 KB,50.0,ALLOWED,FULL DATA 100%
2026-08-03 18:10:32,12,/topic_12,P3,25.0,97.7 KB,20.0,ALLOWED,FULL DATA 100%
2026-08-03 18:10:32,8,/topic_08,P4,25.0,439.5 KB,90.0,BLOCKED,SHEDDED
2026-08-03 18:10:32,13,/topic_13,P4,25.0,146.5 KB,30.0,ALLOWED,FULL DATA 100%
2026-08-03 18:10:32,14,/topic_14,P4,25.0,195.4 KB,40.0,ALLOWED,FULL DATA 100%
2026-08-03 18:10:32,15,/topic_15,P4,25.0,244.2 KB,50.0,ALLOWED,FULL DATA 100%
2026-08-03 18:10:32,16,/topic_16,P4,25.0,293.0 KB,60.0,BLOCKED,SHEDDED
2026-08-03 18:10:32,17,/topic_17,P5,25.0,341.8 KB,70.0,BLOCKED,SHEDDED
2026-08-03 18:10:32,18,/topic_18,P5,25.0,390.7 KB,80.0,BLOCKED,SHEDDED
2026-08-03 18:10:32,19,/topic_19,P5,25.0,439.5 KB,90.0,BLOCKED,SHEDDED
2026-08-03 18:10:32,20,/topic_20,P5,25.0,244.2 KB,50.0,BLOCKED,SHEDDED
2026-08-03 18:10:33,1,/topic_01,P1,25.0,195.4 KB,40.0,ALLOWED,FULL DATA 100%
2026-08-03 18:10:33,2,/topic_02,P1,25.0,293.0 KB,60.0,ALLOWED,FULL DATA 100%
2026-08-03 18:10:33,3,/topic_03,P1,25.0,97.7 KB,20.0,ALLOWED,FULL DATA 100%
2026-08-03 18:10:33,4,/topic_04,P1,25.0,390.7 KB,80.0,ALLOWED,FULL DATA 100%
2026-08-03 18:10:33,5,/topic_05,P2,25.0,146.5 KB,30.0,ALLOWED,FULL DATA 100%
2026-08-03 18:10:33,6,/topic_06,P2,25.0,341.8 KB,70.0,ALLOWED,FULL DATA 100%
2026-08-03 18:10:33,7,/topic_07,P2,25.0,48.9 KB,10.0,ALLOWED,FULL DATA 100%
2026-08-03 18:10:33,11,/topic_11,P2,25.0,48.9 KB,10.0,ALLOWED,FULL DATA 100%
2026-08-03 18:10:33,9,/topic_09,P3,25.0,244.2 KB,50.0,ALLOWED,FULL DATA 100%
2026-08-03 18:10:33,10,/topic_10,P3,25.0,244.2 KB,50.0,ALLOWED,FULL DATA 100%
2026-08-03 18:10:33,12,/topic_12,P3,25.0,97.7 KB,20.0,ALLOWED,FULL DATA 100%
2026-08-03 18:10:33,8,/topic_08,P4,25.0,439.5 KB,90.0,BLOCKED,SHEDDED
2026-08-03 18:10:33,13,/topic_13,P4,25.0,146.5 KB,30.0,ALLOWED,FULL DATA 100%
2026-08-03 18:10:33,14,/topic_14,P4,25.0,195.4 KB,40.0,ALLOWED,FULL DATA 100%
2026-08-03 18:10:33,15,/topic_15,P4,25.0,244.2 KB,50.0,ALLOWED,FULL DATA 100%
2026-08-03 18:10:33,16,/topic_16,P4,25.0,293.0 KB,60.0,BLOCKED,SHEDDED
2026-08-03 18:10:33,17,/topic_17,P5,25.0,341.8 KB,70.0,BLOCKED,SHEDDED
2026-08-03 18:10:33,18,/topic_18,P5,25.0,390.7 KB,80.0,BLOCKED,SHEDDED
2026-08-03 18:10:33,19,/topic_19,P5,25.0,439.5 KB,90.0,BLOCKED,SHEDDED
2026-08-03 18:10:33,20,/topic_20,P5,25.0,244.2 KB,50.0,BLOCKED,SHEDDED
2026-08-03 18:10:34,1,/topic_01,P1,25.0,195.4 KB,40.0,ALLOWED,FULL DATA 100%
2026-08-03 18:10:34,2,/topic_02,P1,25.0,293.0 KB,60.0,ALLOWED,FULL DATA 100%
2026-08-03 18:10:34,3,/topic_03,P1,25.0,97.7 KB,20.0,ALLOWED,FULL DATA 100%
2026-08-03 18:10:34,4,/topic_04,P1,25.0,390.7 KB,80.0,ALLOWED,FULL DATA 100%
2026-08-03 18:10:34,5,/topic_05,P2,25.0,146.5 KB,30.0,ALLOWED,FULL DATA 100%
2026-08-03 18:10:34,6,/topic_06,P2,25.0,341.8 KB,70.0,ALLOWED,FULL DATA 100%
2026-08-03 18:10:34,7,/topic_07,P2,25.0,48.9 KB,10.0,ALLOWED,FULL DATA 100%
2026-08-03 18:10:34,11,/topic_11,P2,25.0,48.9 KB,10.0,ALLOWED,FULL DATA 100%
2026-08-03 18:10:34,9,/topic_09,P3,25.0,244.2 KB,50.0,ALLOWED,FULL DATA 100%
2026-08-03 18:10:34,10,/topic_10,P3,25.0,244.2 KB,50.0,ALLOWED,FULL DATA 100%
2026-08-03 18:10:34,12,/topic_12,P3,25.0,97.7 KB,20.0,ALLOWED,FULL DATA 100%
2026-08-03 18:10:34,8,/topic_08,P4,25.0,439.5 KB,90.0,BLOCKED,SHEDDED
2026-08-03 18:10:34,13,/topic_13,P4,25.0,146.5 KB,30.0,ALLOWED,FULL DATA 100%
2026-08-03 18:10:34,14,/topic_14,P4,25.0,195.4 KB,40.0,ALLOWED,FULL DATA 100%
2026-08-03 18:10:34,15,/topic_15,P4,25.0,244.2 KB,50.0,ALLOWED,FULL DATA 100%
2026-08-03 18:10:34,16,/topic_16,P4,25.0,293.0 KB,60.0,BLOCKED,SHEDDED
2026-08-03 18:10:34,17,/topic_17,P5,25.0,341.8 KB,70.0,BLOCKED,SHEDDED
2026-08-03 18:10:34,18,/topic_18,P5,25.0,390.7 KB,80.0,BLOCKED,SHEDDED
2026-08-03 18:10:34,19,/topic_19,P5,25.0,439.5 KB,90.0,BLOCKED,SHEDDED
2026-08-03 18:10:34,20,/topic_20,P5,25.0,244.2 KB,50.0,BLOCKED,SHEDDED
2026-08-03 18:10:35,1,/topic_01,P1,25.0,195.4 KB,40.0,ALLOWED,FULL DATA 100%
2026-08-03 18:10:35,2,/topic_02,P1,25.0,293.0 KB,60.0,ALLOWED,FULL DATA 100%
2026-08-03 18:10:35,3,/topic_03,P1,25.0,97.7 KB,20.0,ALLOWED,FULL DATA 100%
2026-08-03 18:10:35,4,/topic_04,P1,25.0,390.7 KB,80.0,ALLOWED,FULL DATA 100%
2026-08-03 18:10:35,5,/topic_05,P2,25.0,146.5 KB,30.0,ALLOWED,FULL DATA 100%
2026-08-03 18:10:35,6,/topic_06,P2,25.0,341.8 KB,70.0,ALLOWED,FULL DATA 100%
2026-08-03 18:10:35,7,/topic_07,P2,25.0,48.9 KB,10.0,ALLOWED,FULL DATA 100%
2026-08-03 18:10:35,11,/topic_11,P2,25.0,48.9 KB,10.0,ALLOWED,FULL DATA 100%
2026-08-03 18:10:35,9,/topic_09,P3,25.0,244.2 KB,50.0,ALLOWED,FULL DATA 100%
2026-08-03 18:10:35,10,/topic_10,P3,25.0,244.2 KB,50.0,ALLOWED,FULL DATA 100%
2026-08-03 18:10:35,12,/topic_12,P3,25.0,97.7 KB,20.0,ALLOWED,FULL DATA 100%
2026-08-03 18:10:35,8,/topic_08,P4,25.0,439.5 KB,90.0,BLOCKED,SHEDDED
2026-08-03 18:10:35,13,/topic_13,P4,25.0,146.5 KB,30.0,ALLOWED,FULL DATA 100%
2026-08-03 18:10:35,14,/topic_14,P4,25.0,195.4 KB,40.0,ALLOWED,FULL DATA 100%
2026-08-03 18:10:35,15,/topic_15,P4,25.0,244.2 KB,50.0,ALLOWED,FULL DATA 100%
2026-08-03 18:10:35,16,/topic_16,P4,25.0,293.0 KB,60.0,BLOCKED,SHEDDED
2026-08-03 18:10:35,17,/topic_17,P5,25.0,341.8 KB,70.0,BLOCKED,SHEDDED
2026-08-03 18:10:35,18,/topic_18,P5,25.0,390.7 KB,80.0,BLOCKED,SHEDDED
2026-08-03 18:10:35,19,/topic_19,P5,25.0,439.5 KB,90.0,BLOCKED,SHEDDED
2026-08-03 18:10:35,20,/topic_20,P5,25.0,244.2 KB,50.0,BLOCKED,SHEDDED
2026-08-03 18:10:36,1,/topic_01,P1,25.0,195.4 KB,40.0,ALLOWED,FULL DATA 100%
2026-08-03 18:10:36,2,/topic_02,P1,25.0,293.0 KB,60.0,ALLOWED,FULL DATA 100%
2026-08-03 18:10:36,3,/topic_03,P1,25.0,97.7 KB,20.0,ALLOWED,FULL DATA 100%
2026-08-03 18:10:36,4,/topic_04,P1,25.0,390.7 KB,80.0,ALLOWED,FULL DATA 100%
2026-08-03 18:10:36,5,/topic_05,P2,25.0,146.5 KB,30.0,ALLOWED,FULL DATA 100%
2026-08-03 18:10:36,6,/topic_06,P2,25.0,341.8 KB,70.0,ALLOWED,FULL DATA 100%
2026-08-03 18:10:36,7,/topic_07,P2,25.0,48.9 KB,10.0,ALLOWED,FULL DATA 100%
2026-08-03 18:10:36,11,/topic_11,P2,25.0,48.9 KB,10.0,ALLOWED,FULL DATA 100%
2026-08-03 18:10:36,9,/topic_09,P3,25.0,244.2 KB,50.0,ALLOWED,FULL DATA 100%
2026-08-03 18:10:36,10,/topic_10,P3,25.0,244.2 KB,50.0,ALLOWED,FULL DATA 100%
2026-08-03 18:10:36,12,/topic_12,P3,25.0,97.7 KB,20.0,ALLOWED,FULL DATA 100%
2026-08-03 18:10:36,8,/topic_08,P4,25.0,439.5 KB,90.0,BLOCKED,SHEDDED
2026-08-03 18:10:36,13,/topic_13,P4,25.0,146.5 KB,30.0,ALLOWED,FULL DATA 100%
2026-08-03 18:10:36,14,/topic_14,P4,25.0,195.4 KB,40.0,ALLOWED,FULL DATA 100%
2026-08-03 18:10:36,15,/topic_15,P4,25.0,244.2 KB,50.0,ALLOWED,FULL DATA 100%
2026-08-03 18:10:36,16,/topic_16,P4,25.0,293.0 KB,60.0,BLOCKED,SHEDDED
2026-08-03 18:10:36,17,/topic_17,P5,25.0,341.8 KB,70.0,BLOCKED,SHEDDED
2026-08-03 18:10:36,18,/topic_18,P5,25.0,390.7 KB,80.0,BLOCKED,SHEDDED
2026-08-03 18:10:36,19,/topic_19,P5,25.0,439.5 KB,90.0,BLOCKED,SHEDDED
2026-08-03 18:10:36,20,/topic_20,P5,25.0,244.2 KB,50.0,BLOCKED,SHEDDED
2026-08-03 18:10:37,1,/topic_01,P1,25.0,195.4 KB,40.0,ALLOWED,FULL DATA 100%
2026-08-03 18:10:37,2,/topic_02,P1,25.0,293.0 KB,60.0,ALLOWED,FULL DATA 100%
2026-08-03 18:10:37,3,/topic_03,P1,25.0,97.7 KB,20.0,ALLOWED,FULL DATA 100%
2026-08-03 18:10:37,4,/topic_04,P1,25.0,390.7 KB,80.0,ALLOWED,FULL DATA 100%
2026-08-03 18:10:37,5,/topic_05,P2,25.0,146.5 KB,30.0,ALLOWED,FULL DATA 100%
2026-08-03 18:10:37,6,/topic_06,P2,25.0,341.8 KB,70.0,ALLOWED,FULL DATA 100%
2026-08-03 18:10:37,7,/topic_07,P2,25.0,48.9 KB,10.0,ALLOWED,FULL DATA 100%
2026-08-03 18:10:37,11,/topic_11,P2,25.0,48.9 KB,10.0,ALLOWED,FULL DATA 100%
2026-08-03 18:10:37,9,/topic_09,P3,25.0,244.2 KB,50.0,ALLOWED,FULL DATA 100%
2026-08-03 18:10:37,10,/topic_10,P3,25.0,244.2 KB,50.0,ALLOWED,FULL DATA 100%
2026-08-03 18:10:37,12,/topic_12,P3,25.0,97.7 KB,20.0,ALLOWED,FULL DATA 100%
2026-08-03 18:10:37,8,/topic_08,P4,25.0,439.5 KB,90.0,BLOCKED,SHEDDED
2026-08-03 18:10:37,13,/topic_13,P4,25.0,146.5 KB,30.0,ALLOWED,FULL DATA 100%
2026-08-03 18:10:37,14,/topic_14,P4,25.0,195.4 KB,40.0,ALLOWED,FULL DATA 100%
2026-08-03 18:10:37,15,/topic_15,P4,25.0,244.2 KB,50.0,ALLOWED,FULL DATA 100%
2026-08-03 18:10:37,16,/topic_16,P4,25.0,293.0 KB,60.0,BLOCKED,SHEDDED
2026-08-03 18:10:37,17,/topic_17,P5,25.0,341.8 KB,70.0,BLOCKED,SHEDDED
2026-08-03 18:10:37,18,/topic_18,P5,25.0,390.7 KB,80.0,BLOCKED,SHEDDED
2026-08-03 18:10:37,19,/topic_19,P5,25.0,439.5 KB,90.0,BLOCKED,SHEDDED
2026-08-03 18:10:37,20,/topic_20,P5,25.0,244.2 KB,50.0,BLOCKED,SHEDDED
2026-08-03 18:10:38,1,/topic_01,P1,25.0,195.4 KB,40.0,ALLOWED,FULL DATA 100%
2026-08-03 18:10:38,2,/topic_02,P1,25.0,293.0 KB,60.0,ALLOWED,FULL DATA 100%
2026-08-03 18:10:38,3,/topic_03,P1,25.0,97.7 KB,20.0,ALLOWED,FULL DATA 100%
2026-08-03 18:10:38,4,/topic_04,P1,25.0,390.7 KB,80.0,ALLOWED,FULL DATA 100%
2026-08-03 18:10:38,5,/topic_05,P2,25.0,146.5 KB,30.0,ALLOWED,FULL DATA 100%
2026-08-03 18:10:38,6,/topic_06,P2,25.0,341.8 KB,70.0,ALLOWED,FULL DATA 100%
2026-08-03 18:10:38,7,/topic_07,P2,25.0,48.9 KB,10.0,ALLOWED,FULL DATA 100%
2026-08-03 18:10:38,11,/topic_11,P2,25.0,48.9 KB,10.0,ALLOWED,FULL DATA 100%
2026-08-03 18:10:38,9,/topic_09,P3,25.0,244.2 KB,50.0,ALLOWED,FULL DATA 100%
2026-08-03 18:10:38,10,/topic_10,P3,25.0,244.2 KB,50.0,ALLOWED,FULL DATA 100%
2026-08-03 18:10:38,12,/topic_12,P3,25.0,97.7 KB,20.0,ALLOWED,FULL DATA 100%
2026-08-03 18:10:38,8,/topic_08,P4,25.0,439.5 KB,90.0,BLOCKED,SHEDDED
2026-08-03 18:10:38,13,/topic_13,P4,25.0,146.5 KB,30.0,ALLOWED,FULL DATA 100%
2026-08-03 18:10:38,14,/topic_14,P4,25.0,195.4 KB,40.0,ALLOWED,FULL DATA 100%
2026-08-03 18:10:38,15,/topic_15,P4,25.0,244.2 KB,50.0,ALLOWED,FULL DATA 100%
2026-08-03 18:10:38,16,/topic_16,P4,25.0,293.0 KB,60.0,BLOCKED,SHEDDED
2026-08-03 18:10:38,17,/topic_17,P5,25.0,341.8 KB,70.0,BLOCKED,SHEDDED
2026-08-03 18:10:38,18,/topic_18,P5,25.0,390.7 KB,80.0,BLOCKED,SHEDDED
2026-08-03 18:10:38,19,/topic_19,P5,25.0,439.5 KB,90.0,BLOCKED,SHEDDED
2026-08-03 18:10:38,20,/topic_20,P5,25.0,244.2 KB,50.0,BLOCKED,SHEDDED
2026-08-03 18:10:39,1,/topic_01,P1,25.0,195.4 KB,40.0,ALLOWED,FULL DATA 100%
2026-08-03 18:10:39,2,/topic_02,P1,25.0,293.0 KB,60.0,ALLOWED,FULL DATA 100%
2026-08-03 18:10:39,3,/topic_03,P1,25.0,97.7 KB,20.0,ALLOWED,FULL DATA 100%
2026-08-03 18:10:39,4,/topic_04,P1,25.0,390.7 KB,80.0,ALLOWED,FULL DATA 100%
2026-08-03 18:10:39,5,/topic_05,P2,25.0,146.5 KB,30.0,ALLOWED,FULL DATA 100%
2026-08-03 18:10:39,6,/topic_06,P2,25.0,341.8 KB,70.0,ALLOWED,FULL DATA 100%
2026-08-03 18:10:39,7,/topic_07,P2,25.0,48.9 KB,10.0,ALLOWED,FULL DATA 100%
2026-08-03 18:10:39,11,/topic_11,P2,25.0,48.9 KB,10.0,ALLOWED,FULL DATA 100%
2026-08-03 18:10:39,9,/topic_09,P3,25.0,244.2 KB,50.0,ALLOWED,FULL DATA 100%
2026-08-03 18:10:39,10,/topic_10,P3,25.0,244.2 KB,50.0,ALLOWED,FULL DATA 100%
2026-08-03 18:10:39,12,/topic_12,P3,25.0,97.7 KB,20.0,ALLOWED,FULL DATA 100%
2026-08-03 18:10:39,8,/topic_08,P4,25.0,439.5 KB,90.0,BLOCKED,SHEDDED
2026-08-03 18:10:39,13,/topic_13,P4,25.0,146.5 KB,30.0,ALLOWED,FULL DATA 100%
2026-08-03 18:10:39,14,/topic_14,P4,25.0,195.4 KB,40.0,ALLOWED,FULL DATA 100%
2026-08-03 18:10:39,15,/topic_15,P4,25.0,244.2 KB,50.0,ALLOWED,FULL DATA 100%
2026-08-03 18:10:39,16,/topic_16,P4,25.0,293.0 KB,60.0,BLOCKED,SHEDDED
2026-08-03 18:10:39,17,/topic_17,P5,25.0,341.8 KB,70.0,BLOCKED,SHEDDED
2026-08-03 18:10:39,18,/topic_18,P5,25.0,390.7 KB,80.0,BLOCKED,SHEDDED
2026-08-03 18:10:39,19,/topic_19,P5,25.0,439.5 KB,90.0,BLOCKED,SHEDDED
2026-08-03 18:10:39,20,/topic_20,P5,25.0,244.2 KB,50.0,BLOCKED,SHEDDED
2026-08-03 18:10:40,1,/topic_01,P1,25.0,195.4 KB,40.0,ALLOWED,FULL DATA 100%
2026-08-03 18:10:40,2,/topic_02,P1,25.0,293.0 KB,60.0,ALLOWED,FULL DATA 100%
2026-08-03 18:10:40,3,/topic_03,P1,25.0,97.7 KB,20.0,ALLOWED,FULL DATA 100%
2026-08-03 18:10:40,4,/topic_04,P1,25.0,390.7 KB,80.0,ALLOWED,FULL DATA 100%
2026-08-03 18:10:40,5,/topic_05,P2,25.0,146.5 KB,30.0,ALLOWED,FULL DATA 100%
2026-08-03 18:10:40,6,/topic_06,P2,25.0,341.8 KB,70.0,ALLOWED,FULL DATA 100%
2026-08-03 18:10:40,7,/topic_07,P2,25.0,48.9 KB,10.0,ALLOWED,FULL DATA 100%
2026-08-03 18:10:40,11,/topic_11,P2,25.0,48.9 KB,10.0,ALLOWED,FULL DATA 100%
2026-08-03 18:10:40,9,/topic_09,P3,25.0,244.2 KB,50.0,ALLOWED,FULL DATA 100%
2026-08-03 18:10:40,10,/topic_10,P3,25.0,244.2 KB,50.0,ALLOWED,FULL DATA 100%
2026-08-03 18:10:40,12,/topic_12,P3,25.0,97.7 KB,20.0,ALLOWED,FULL DATA 100%
2026-08-03 18:10:40,8,/topic_08,P4,25.0,439.5 KB,90.0,BLOCKED,SHEDDED
2026-08-03 18:10:40,13,/topic_13,P4,25.0,146.5 KB,30.0,ALLOWED,FULL DATA 100%
2026-08-03 18:10:40,14,/topic_14,P4,25.0,195.4 KB,40.0,ALLOWED,FULL DATA 100%
2026-08-03 18:10:40,15,/topic_15,P4,25.0,244.2 KB,50.0,ALLOWED,FULL DATA 100%
2026-08-03 18:10:40,16,/topic_16,P4,25.0,293.0 KB,60.0,BLOCKED,SHEDDED
2026-08-03 18:10:40,17,/topic_17,P5,25.0,341.8 KB,70.0,BLOCKED,SHEDDED
2026-08-03 18:10:40,18,/topic_18,P5,25.0,390.7 KB,80.0,BLOCKED,SHEDDED
2026-08-03 18:10:40,19,/topic_19,P5,25.0,439.5 KB,90.0,BLOCKED,SHEDDED
2026-08-03 18:10:40,20,/topic_20,P5,25.0,244.2 KB,50.0,BLOCKED,SHEDDED
